# Master Duel card id -> EDOPro passcode, archetype setcodes, stat overrides. Generated by tools/gen_tables.py
3001	10000110		type=16384
3100	81684048		
3101	43355214		
3102	32216688	1ca	
3103	18795635	1d4	
3104	56311997	1d4	
3112	30752324		
3113	66247039		
3114	3635138		
3116	65424481	2f	
3122	78371393	19d	
3168	48469380	45	
3169	78397661	1cf	
3170	76666602		
3171	30271097	146,160	
3172	60303688	146,1cf	
3173	6498706	46	
3174	35269904		
3175	8252010	b0,100d	
3177	6195332	53,109c	
3178	32289031	53,9c	
3179	8852158	9d	
3180	67809530		
3181	5148778	f8,1050	
3182	70488851	1c6	
3183	82159583	1d3	
3184	27519978	bf	
3185	74364659	bf	
3186	759393	bf	
3187	37744402	bf	
3188	37970940	bf	
3189	48016074	bf	
3190	44001993	cf	
3191	70405001	10cf	
3192	7894706	1145	
3193	85523502	1d6	
3194	57294268	1d8	
3195	71808988	62,dd	
3197	33475154	128	
3198	32353566	128	
3401	10000010	1e7	
3407	40044918	3008	
3409	86120751	1d8	
3411	4280258		
3413	83965310	c008	
3415	65741786		
3416	52038441		
3420	73580471	1123	
3421	38342335	112	
3423	95440946	142	
3431	75286621	f4	
3432	74063034		
3433	90673288	1115	
3434	63166095	115	
3435	41232647	133	
3436	78231355	133	
3437	9205573	153,155	
3438	36609518	154,155	
3801	89631139	dd	
3863	46986414	10a2	
3868	10000000		
3869	10000020		
3873	82044279	ff,2017	
3880	46986414	10a2	
3881	89943723	9,3008	
3882	44508094	a3	
3891	14558127		
3892	73642296		
3894	20366274	9d	
3895	94977269	9d	
3898	10443957	1093	
3899	63288573	1115	
3900	91512836		
3901	40703223	a4	
3902	73915052		
3903	73915052		
3904	73915052		
3905	73915052		
3906	22493812		
3907	21770261		
3908	65810490		
3909	86801872		
3910	62543394		
3911	86871615		
3912	12965762		
3913	63442605		
3914	24874631		
3915	29843092	f	
3916	29843092	f	
3917	29843092	f	
3918	60764582		
3919	60764582		
3920	75622825		
3921	48115278		
3922	44330099		
3923	69890968	145	
3924	93224849	145	
3925	15341822		
3926	15341822		
3927	93130022		level=4,race=32,attribute=16
3928	16946850		
3929	28355719		
3930	64382840		
3931	23116809		
3932	68815402		
3933	56597273	18	
3934	82556059		
3935	12958920	49	
3936	75732623		
3937	31986289	123	
3938	14089429		
3939	75524093		
3940	46173680		
3941	60406592		
3942	97452818		
3943	49808197		
3944	83239740		
3945	66661679		
3946	30069399		
3947	82994510		
3948	71645243	123	
3949	93912846		
3950	28062326		
3951	38041941		
3952	74440056		
3953	42956964	45	
3954	44689689		
3955	51987572		
3956	85771020		
3957	85771021		
3958	35268888		
3959	48411997	22	
3960	43140792	3e	
3961	35514097		
3962	21179144	3c	
3963	56051649		
3964	82324106		
3965	82340057		
3966	74983882		
3967	47658965	39	
3968	176393	1d	
3969	70391589		
3970	15629802		
3971	27450401	f2	
3972	53855410		
3973	15394084	6042	
3974	40844553		
3975	42671152		
3976	7392746		
3977	17418745	55	
3978	10389143		
3979	31533705	101b	
3980	67949764	87	
3981	39972130		
3982	1426715		
3983	8198621		
3984	32446631		
3985	9047461		
3986	9925983	33	
3987	11050416		
3988	34822851	bb	
3989	62125439	1017	
3990	22404676		
3991	54537490		
3992	29491335		
3993	28674153		
3994	90884404		
3995	69868556		
3996	9929399		
3997	67284108		
3998	55326323	ea	
3999	44052075	7	
4007	89631139	dd	
4008	15025844		
4009	76184692		
4010	88819587		
4011	15303296		
4012	41392891		
4013	87796900		
4014	14181608		
4015	40575313		
4016	87564352		
4017	13069066		
4018	40453765	2178	
4019	72842870		
4020	18246479	6d	
4021	45231177		
4022	71625222		
4023	8124921	40	
4024	44519536	40	
4025	70903634	40	
4026	7902349	40	
4027	33396948	40,de	
4028	70781052	45	
4029	6285791	3e	
4030	32274490		
4031	69669405		
4032	5053103		
4033	32452818		
4034	68846917	6d	
4035	4931562		
4036	31339260		
4037	67724379		
4038	94119974		
4039	30113682		
4040	66602787		
4041	46986414	10a2	
4042	29491031		
4043	66889139		
4044	6368038	bd	
4045	28279543		
4046	55763552	6d	
4047	91152256	e4	
4048	28546905		
4049	54541900		
4050	91939608		
4051	27324313	e	
4052	53829412		
4053	80813021		
4054	26202165		
4055	53606874		
4056	89091579		
4057	15480588		
4058	52584282		
4059	88979991		
4060	15367030		
4061	41762634		
4062	87756343		
4063	14141448		
4064	40640057	a4	
4065	40374923		
4066	13429800		
4067	49417509		
4068	76812113	64	
4069	12206212	64	
4070	49791927		
4071	90357090		
4072	1184620		
4073	48579379		
4074	14977074		
4075	41462083		
4076	77456781		
4077	14851496		
4078	40240595		
4079	76634149	179	
4080	13039848		
4081	49127943		
4082	76512652		
4083	2906250		
4084	48305365		
4085	75390004		
4086	1784619		
4087	38289717		
4088	74677422	3b	
4089	62121		
4090	33066139		
4091	69455834	f8	
4092	6840573		
4093	32344688		
4094	68339286	52	
4095	95727991		
4096	31122090		
4097	68516705		
4098	94905343		
4099	30090452		
4100	67494157		
4101	93889755		
4102	20277860		
4103	66672569		
4104	92667214		
4105	29155212		
4106	55550921		
4107	92944626		
4108	28933734		
4109	55337339		
4110	22026707		
4111	46457856		
4112	54615781		
4113	80600490		
4114	27094595		
4115	53493204		
4116	89987208		
4117	16972957		
4118	52367652		
4119	9159938		
4120	15150365		
4121	41544074	cf	
4122	88643173		
4123	14037717		
4124	41422426		
4125	77827521		
4126	13215230		
4127	40200834		
4128	76704943		
4129	13193642		
4130	49587396		
4131	75582395		
4132	2971090		
4133	48365709		
4134	75850803		
4135	90963488		
4136	37243151		
4137	74637266		
4138	32864		
4139	37421579		
4140	63515678		
4141	52800428		
4142	36304921	6d	
4143	62793020		
4144	9197735		
4145	35282433		
4146	62671448		
4147	98075147		
4148	34460851		
4149	61454890	6d	
4150	97843505		
4151	24348204		
4152	732302		
4153	36121917		
4154	63125616		
4155	99510761	6d	
4156	36904469		
4157	62403074		
4158	98898173		
4159	25882881		
4160	53581214		
4161	94675535		
4162	20060230		
4163	53293545		
4164	93553943		
4165	29948642		
4166	56342351		
4167	92731455		
4168	28725004		
4169	55210709		
4170	81618817		
4171	28003512		
4172	54098121		
4173	81492226		
4174	17881964		
4175	53375573		
4176	80770678		
4177	16768387		
4178	53153481		
4179	89558090		
4180	15042735		
4181	42431843		
4182	88435542		
4183	15820147		
4184	41218256		
4185	77603950		
4186	14708569		
4187	40196604		
4188	77581312		
4189	3985011		
4190	49370026		
4191	64511793		
4192	2863439		
4193	49258578		
4194	75646173		
4195	1641882		
4196	38035986		
4197	9430387		
4198	1929294		
4199	37313348		
4200	63308047	6d	
4201	756652		
4202	36151751		
4203	63545455		
4204	99030164		
4205	36039163	5a	
4206	75356564		
4207	98818516		
4208	75889523	45	
4209	61201220		
4210	98795934		
4211	24194033		
4212	60589682		
4213	97973387		
4214	38142739		
4215	39175982		
4216	96851799		
4217	15510988		
4218	53832650		
4219	85639257	cd	
4220	15401633	20	
4221	58528964		
4222	84916669		
4223	11901678	45	
4224	57305373		
4225	84794011		
4226	10189126		
4227	56283725		
4228	83678433		
4229	19066538		
4230	46461247		
4231	22855882		
4232	54844990		
4233	46718686		
4234	17733394		
4235	8783685		
4236	80516007		
4237	17511156		
4238	43905751		
4239	89494469		
4240	16899564		
4241	42883273		
4242	89272878		
4243	84285623		
4244	41061625		
4245	78556320		
4246	8944575		
4247	41949033		
4248	47695416		
4249	3732747		
4250	40826495		
4251	76211194		
4252	3606209		
4253	39004808		
4254	75499502		
4255	2483611		
4256	38982356		
4257	75376965		
4258	1761063		
4259	37160778		
4260	64154377		
4261	549481		
4262	37043180		
4263	63432835		
4264	99426834		
4265	36821538	6e	
4266	62210247		
4267	15150371	45	
4268	25109950		
4269	62193699		
4270	98582704		
4271	18710707		
4272	51371017		
4273	97360116		
4274	15507080		
4275	50259460		
4276	96643568		
4277	23032273		
4278	59036972		
4279	86421986		
4280	22910685		
4281	58314394		
4282	85309439		
4283	11793047		
4284	58192742		
4285	84686841		
4286	10071456		
4287	47060154		
4288	83464209		
4289	10859908		
4290	46247516		
4291	82742611		
4292	19737320		
4293	45121025		
4294	72520073		
4295	18914778	a5	
4296	45909477		
4297	71407486		
4298	7892180		
4299	44287299		
4300	70681994		
4301	7670542		
4302	33064647		
4303	75559356		
4304	2957055		
4305	38942059		
4306	85705804		
4307	61854111		
4308	37120512		
4309	4614116		
4310	40619825	45	
4311	77007920		
4312	3492538		
4313	39897277		
4314	46009906		
4315	2370081		
4316	39774685		
4317	65169794		
4318	1557499		
4319	38552107		
4320	64047146		
4321	1435851		
4322	37820550		
4323	63224564	93	
4324	90219263		
4325	36607978		
4326	63102017		
4327	99597615		
4328	15052462		
4329	91595718		
4330	98374133		
4331	25769732		
4332	51267887		
4333	98252586		
4334	77027445		
4335	50045299		
4336	87430998		
4337	23424603		
4338	50913601		
4339	86318356		
4340	22702055		
4341	59197169		
4342	53129443	89	
4343	12580477		
4344	58074572		
4345	38199696		
4346	11868825	ac	
4347	47852924		
4348	84257639		
4349	76103675		
4350	46130346		
4351	73134081		
4352	19523799		
4353	46918794		
4354	72302403		
4355	18807108		
4356	45895206		
4357	71280811		
4358	12829151		
4359	44073668		
4360	71068263		
4361	7562372		
4362	33951077		
4363	70345785		
4364	6740720		
4365	33734439		
4366	69123138		
4367	5628232	5a	
4368	32012841	1a6	
4369	68401546		
4370	5405694	10cf	
4371	31890399		
4372	67284908	194	
4373	94773007		
4374	30778711		
4375	63162310		
4376	99551425		
4377	25955164		
4378	62340868		
4379	98434877		
4380	25833572	1052	
4381	51228280	3e	
4382	97612389		
4383	24611934		
4384	50005633		
4385	97590747		
4386	23995346	dd	
4387	59383041	62	
4388	26378150		
4389	62762898		
4390	99261403		
4391	25655502		
4392	52040216	64	
4393	98049915		
4394	24433920		
4395	51828629	6e	
4396	87322377		
4397	24311372		
4398	50705071		
4399	86100785		
4400	13599884		
4401	59983499		
4402	86088138		
4403	12472242		
4404	58861941		
4405	85255550		
4406	11250655	be	
4407	48649353		
4408	84133008		
4409	10538007		
4410	47922711		
4411	73911410		
4412	10315429		
4413	46700124		
4414	72299832		
4415	9293977		
4416	45688586	11	
4417	72076281		
4418	8471389		
4419	44865098		
4420	71950093		
4421	7359741		
4422	34743446		
4423	70138455		
4424	7526150		
4425	33621868		
4426	69015963		
4427	6400512		
4428	32809211	bc	
4429	69893315		
4430	95288024		
4431	31786629	11c	
4432	68171737		
4433	94566432		
4434	31560081		
4435	67959180		
4436	93343894	6e	
4437	20848593		
4438	66836598		
4439	93221206		
4440	29616941		
4441	55014050		
4442	92409659		
4443	28593363		
4444	55998462		
4445	81386177		
4446	23771716		
4447	50176820		
4448	86164529	cd	
4449	23659124		
4450	59053232		
4451	85448931		
4452	12436646	cd	
4453	58831685		
4454	85326399		
4455	11714098		
4456	48109103		
4457	84103702		
4458	10598400		
4459	47986555	1a6	
4460	73481154		
4461	10476868		
4462	46864967		
4463	72269672		
4464	9653271		
4465	45042329		
4466	12146024		
4467	48531733	5a	
4468	84926738		
4469	11324436		
4470	47319141		
4471	74703140		
4472	10202894		
4473	46696593		
4474	73081602		
4475	9076207	2b	
4476	46474915		
4477	72869010		
4478	8353769		
4479	35752363		
4480	71746462		
4481	8131171		
4482	34536276		
4483	70924884		
4484	7019529		
4485	33413638		
4486	60802233		
4487	6297941		
4488	33691040		
4489	69780745		
4490	95174353		
4491	32569498		
4492	68963107		
4493	95952802		
4494	21347810		
4495	67841515		
4496	94230224		
4497	20624263		
4498	67629977		
4499	93013676		
4500	29402771		
4501	56907389		
4502	92391084		
4503	29380133		
4504	55784832		
4505	81179446		
4506	28563545		
4507	54652250		
4508	81057959		
4509	17441953		
4510	53830602		
4511	80234301		
4512	16229315		
4513	53713014		
4514	89112729		
4515	16507828		
4516	42591472		
4517	84990171		
4518	11384280		
4519	47879985	52	
4520	74277583		
4521	10262698		
4522	46657337		
4523	73051941		
4524	9540040		
4525	46534755		
4526	72929454		
4527	8327462		
4528	35712107		
4529	71107816		
4530	8201910		
4531	34690519		
4532	70084224		
4533	7489323		
4534	33878931		
4535	60862676		
4536	6367785		
4537	32751480		
4538	69140098		
4539	95144193		
4540	32539892		
4541	68928540		
4542	94412545		
4543	21817254		
4544	7805359		
4545	34290067	1ae	
4546	60694662		
4547	7089711		
4548	33178416		
4549	69572024		
4550	96967123		
4551	32355828		
4552	69750536		
4553	95744531		
4554	21239280		
4555	68638985		
4556	94022093		
4557	21417692		
4558	57405307		
4559	93900406		
4560	20394040	2178	
4561	56789759		
4562	93788854		
4563	29172562		
4564	55567161		
4565	82065276		
4566	28450915		
4567	55444629		
4568	81843628	3e	
4569	17238333		
4570	54622031		
4571	80727036		
4572	17115745		
4573	43500484		
4574	89904598		
4575	16353197		
4576	42348802		
4577	89832901		
4578	15237615		
4579	42625254		
4580	78010363		
4581	14015067		
4582	41403766		
4583	77998771		
4584	4392470		
4585	40387124		
4586	76775123		
4587	3170832		
4588	35565537		
4589	72053645		
4590	8058240		
4591	34442949		
4592	61831093		
4593	7225792		
4594	34320307		
4595	60715406		
4596	6103114		
4597	33508719		
4598	69992868		
4599	96981563		
4600	32485271		
4601	68870276		
4602	95265975		
4603	21263083		
4604	68658728		
4605	94042337		
4606	20541432		
4607	57935140		
4608	93920745	5a	
4609	20315854		
4610	56713552		
4611	93108297		
4612	29692206		
4613	55691901		
4614	82085619		
4615	28470714		
4616	55875323		
4617	81863068		
4618	17358176		
4619	54752875	11c	
4620	80141480		
4621	17535588		
4622	43530283		
4623	29929832		
4624	56413937		
4625	82818645		
4626	29802344		
4627	55291359		
4628	81686058		
4629	18180762		
4630	54579801		
4631	81563416		
4632	17968114		
4633	43352213		
4634	80741828		
4635	16246527		
4636	43230671		
4637	79629370		
4638	15023985		
4639	42418084		
4640	78402798		
4641	5901497		
4642	41396436		
4643	78780140		
4644	4179849		
4645	40173854		
4646	77568553		
4647	3056267		
4648	30451366		
4649	76446915		
4650	2830619		
4651	39239728		
4652	65623423		
4653	2118022		
4654	38116136		
4655	64501875		
4656	91996584		
4657	37390589		
4658	64389297		
4659	90873992		
4660	32268901	1a4	
4662	95051344		
4663	22046459		
4664	68540058	1b2	
4666	21323861		
4667	57728570		
4668	94716515		
4669	20101223		
4670	56606928		
4674	82878489		
4675	29267084		
4676	55761792	cf	
4677	81756897		
4678	18144506	64	
4679	54539105		
4680	81933259		
4682	43417563		
4683	80811661	198	
4685	43694075		
4687	15083728		
4688	42578427		
4691	41356845	4c	
4692	77754944		
4693	4149689		
4694	40633297		
4695	77622396		
4696	3027001		
4698	76806714		
4700	39399168		
4702	41182875		
4703	78577570		
4705	31066283		
4706	77454922		
4707	4849037		
4708	30243636		
4709	76232340	1a6	
4710	3627449	2052	
4711	39111158		
4712	66516792		
4713	2504891		
4714	38999506		
4715	65393205		
4716	91782219		
4717	38277918		
4718	64271667		
4719	90660762		
4720	27054370		
4722	90844184		
4723	26932788		
4724	62337487		
4725	99721536		
4727	76792184	cf	
4728	30208479	cf	
4729	3797883		
4731	65570596		
4732	2964201		
4733	38369349	62	
4734	65458948	62	
4735	91842653	45,62	
4736	38247752		
4737	64631466	110	
4738	90020065		
4739	27125110		
4740	63519819	1110	
4741	90908427		
4742	26302522		
4743	62397231		
4744	99785935	3066	
4745	25280974		
4746	52675689		
4747	17985575		
4748	64335804	3b	
4749	81480460		
4750	5640330		
4751	42035044	2066	
4752	78423643		
4753	5818798	1b	
4754	31812496		
4755	77207191		
4756	4796100	1b	
4757	30190809		
4758	77585513	bc	
4759	3573512		
4760	39978267	93	
4761	66362965	6e,93	
4762	2851070		
4763	39256679	3066	
4764	65240384		
4766	38033121	30a2	
4767	64428736		
4768	91512835		
4769	27911549		
4770	64306248		
4771	90790253		
4772	26185991		
4773	53183600	62,dd	
4774	51345461		
4775	88733579		
4776	24128274		
4777	50122883		
4778	87511987		
4780	50400231		
4785	86099788		
4786	12493482		
4787	49888191		
4788	75372290		
4789	11761845	45	
4790	48766543		
4791	74150658		
4792	11549357	3066	
4794	80987696		
4795	26376390		
4798	15259703	62	
4799	52648457		
4800	88032456		
4802	41426869		
4803	87910978		
4804	14315573		
4805	40703222		
4806	86198326		
4808	49587034		
4809	76076738		
4810	43973174		
4811	52097679		
4812	79571449		
4813	1248895		
4814	48642904		
4815	74137509		
4816	126218		
4817	37520316		
4818	73915051		
4819	303660		
4820	36708764		
4821	72892473		
4822	9287078		
4823	35686187		
4826	35563539		
4828	97342942		
4830	99789342		
4831	97120394		
4832	23615409		
4834	96008713		
4835	66788016		
4836	4206964	4c	
4837	24094653	46	
4838	51482758		
4839	83887306		
4840	20871001		
4841	56260110		
4842	83764718		
4843	19159413		
4844	55144522		
4845	82542267		
4846	18937875		
4847	55321970		
4848	81820689		
4849	17814387		
4850	44209392		
4851	80604091		
4852	17092736		
4853	43487744	89	
4854	16970158		
4855	42364257		
4856	79759861		
4857	5758500		
4858	41142615		
4859	78637313		
4860	4031928		
4861	41420027		
4862	77414722		
4863	3819470		
4864	98069388		
4865	24068492		
4866	51452091		
4867	24094653	46	
4868	90330453		
4869	26725158		
4870	53119267		
4871	99518961		
4872	26902560	46	
4873	98495314		
4874	25880422		
4875	51275027		
4876	88279736	ac	
4877	24668830		
4878	50152549		
4879	87557188		
4880	13945283		
4881	50930991		
4882	86325596		
4883	13723605		
4884	49218300		
4885	85602018		
4886	12607053		
4887	44095762		
4888	20436034		
4889	56830749		
4890	83225447		
4891	19613556		
4892	55608151		
4893	16762927	2e	
4894	12470447		
4895	70368879	ac	
4896	82003859		
4897	18591904		
4898	45986603		
4899	81380218		
4900	17375316		
4901	44763025		
4902	80168720		
4903	17653779		
4904	43641473		
4905	70046172		
4906	16430187		
4907	42829885		
4908	79323590		
4909	5318639		
4910	42703248		
4911	74191942		
4912	596051		
4913	34124316	93	
4914	61528025		
4915	97017120		
4916	23401839		
4917	60806437		
4918	96890582		
4919	23289281		
4920	59784896		
4921	95178994		
4922	22567609	78	
4923	58551308		
4924	95956346		
4925	21340051		
4926	57839750		
4927	84834865		
4928	20228463		
4929	57617178		
4930	83011277		
4931	19406822		
4932	56594520		
4933	82999629		
4934	19384334		
4935	45778932		
4936	81777047		
4937	18161786		
4938	44656491		
4939	37580756		
4940	73079365		
4941	473469		
4942	36868108		
4943	12253117		
4944	49251811		
4945	75646520		
4946	2130625		
4947	48539234		
4948	74923978		
4949	1918087	ac	
4950	37313786		
4951	74701381		
4952	296499		
4953	36280194		
4954	63689843		
4955	9074847		
4956	36468556		
4957	62867251		
4958	8951260		
4960	61740673		
4961	98139712		
4962	81210420		
4963	71044499		
4964	17449108		
4965	43434803		
4966	70828912		
4967	16227556		
4968	43711255		
4969	79106360	cf	
4970	6104968		
4971	42599677		
4972	78984772		
4973	5388481		
4974	31477025		
4975	78861134		
4976	4266839		
4977	30655537		
4978	67049542		
4979	3134241		
4980	30532390		
4981	66927994		
4982	2311603		
4983	78193831	d7	
4984	35316708		
4985	61705417		
4986	98299011		
4987	34694160		
4988	60082869		
4989	97077563		
4990	23471572		
4991	60866277		
4992	96355986		
4993	22359980		
4998	10000000		
4999	10000020		
5000	10000010	1e7	
5001	59744639		
5002	75347539	e9,1066	
5003	3366982		
5004	14898066		
5005	83555666		
5006	95132338	cd	
5007	22537443		
5008	58921041		
5009	34016756		
5010	61405855		
5011	97809599		
5012	58604027	de	
5015	57482479		
5016	83986578		
5017	10375182		
5018	56369281		
5019	83764996	6e	
5020	19153634		
5021	45547649		
5022	82642348		
5023	18036057	10a	
5024	45425051		
5025	71829750		
5026	17214465		
5027	44203504		
5028	70797118		
5029	17192817		
5030	43586926		
5031	79575620		
5032	6979239		
5033	42364374		
5034	79853073	e5	
5035	5257687		
5036	31242786		
5037	78636495		
5038	4035199		
5040	7914843		
5041	44913552		
5042	70307656		
5043	2792265		
5044	39180960		
5045	75285069		
5046	98456117		
5048	12883044		
5051	12061457		
5053	84550200		
5059	423705		
5060	46821314		
5061	73216412	3e	
5062	5600127		
5063	31709826		
5065	31987274		
5066	67371383		
5067	30860696		
5069	3643300		
5072	92421852		
5073	38916461		
5079	27671321		
5083	52253888		
5086	52121290		
5088	24514503		
5090	87303357	75	
5091	50287060	45	
5092	86281779	51	
5093	13676474		
5094	49064413		
5095	86569121		
5096	12953226		
5097	48948935		
5098	22610082		
5099	68005187		
5101	21888494		
5102	57882509		
5103	94377247		
5104	20765952		
5106	29549364		
5107	56948373		
5108	82432018		
5109	19827717		
5110	55226821		
5111	18605135		
5112	54109233		
5113	21598948		
5114	53582587		
5116	22493811		
5118	95286165	46	
5119	21770260		
5120	58775978		
5121	94163677		
5122	21558682		
5123	57953380		
5124	62279055		
5125	35346968		
5126	24294108		
5127	60682203		
5128	97687912		
5129	23171610		
5130	59560625	a5	
5131	96965364		
5132	22959079	3e	
5133	59344077		
5134	85742772		
5135	58621589		
5136	84620194		
5137	21015833		
5138	57409948		
5139	83994646		
5140	10992251		
5141	56387350	8e	
5142	79870141		
5143	5265750		
5144	32269855		
5145	78658564	ac	
5146	4042268		
5147	31447217		
5148	67532912		
5149	4920010		
5150	30325729		
5151	66719324		
5152	93108433		
5153	21237481	6e	
5161	4542651	cf	
5162	31036355		
5164	94425169		
5165	46986414	10a2	
5166	63391643		
5168	25774450		
5170	90502999		
5193	38480590		
5194	65475294		
5195	91869203	4	
5196	28358902		
5197	64752646		
5198	90147755		
5199	27132350		
5200	53530069		
5201	90925163		
5202	22419772	52	
5203	58818411		
5204	85802526		
5205	21297224		
5206	58696829		
5207	84080938		
5208	21175632		
5209	57579381	ef	
5210	83968380		
5211	10352095		
5212	56747793		
5213	83746708	6e	
5214	19230407		
5216	33767325		
5217	69162969		
5218	5556668	a5	
5219	32541773		
5220	68049471		
5221	5434080		
5222	31829185		
5223	67227834		
5224	94212438		
5225	30606547		
5226	67105242		
5227	93599951		
5229	66989694		
5230	92377303		
5231	29762407		
5232	55256016		
5234	28649820	1c2	
5236	81439173		
5237	27827272		
5238	54912977		
5242	89194033	1c3	
5243	16589042	bd	
5244	52077741	e4	
5245	88472456		
5246	15866454		
5247	41855169		
5248	88240808		
5249	14644902		
5250	40133511		
5251	77527210		
5252	13522325		
5253	40916023		
5254	76305638		
5255	12800777		
5256	45894482		
5257	71283180		
5258	8687195		
5259	44072894		
5260	71466592		
5261	7565547		
5262	33950246		
5263	70344351		
5264	6733059		
5265	33737664		
5266	69122763		
5267	5616412	200	
5268	32015116		
5269	68400115		
5270	5494820		
5271	31893528	1c	
5272	67287533	1c	
5273	94772232	1c	
5274	30170981	1c	
5275	7165085		
5276	33550694	46	
5277	69954399		
5278	6343408		
5279	32437102		
5280	69832741		
5281	95220856		
5284	94004268	4	
5285	21593977		
5286	67987611	4	
5287	93382620		
5289	66765023		
5290	93260132		
5291	29654737	4	
5292	56043446		
5295	55821894	4	
5296	81325903	4	
5298	54704216		
5299	80193355		
5300	17597059		
5301	53982768		
5302	80071763	6d	
5303	16475472	45	
5304	52860176	c0	
5305	89258225		
5306	15653824		
5307	42647539		
5308	88132637		
5309	14531242		
5310	41925941		
5311	77910045		
5312	14318794		
5313	40703393		
5314	76297408		
5315	3682106		
5316	49681811		
5317	76075810		
5318	2460565		
5319	49868263	2066	
5320	75953262		
5321	1347977		
5322	38742075		
5323	74131780		
5324	1525329		
5325	37620434	45	
5326	63018132		
5327	403847		
5328	32807846		
5329	69296555		
5330	95281259		
5331	31785398		
5332	68170903		
5333	94568601		
5334	31553716		
5335	67957315		
5336	93346024		
5337	20831168		
5338	66235877	45	
5339	93220472		
5340	29618570		
5341	55013285		
5342	92408984		
5343	28596933		
5344	55991637		
5345	81385346		
5346	27770341		
5347	54178050		
5348	80163754		
5349	17658803		
5350	53046408		
5351	80441106		
5352	16435215		
5353	52824910		
5354	29228529		
5355	55713623		
5356	82108372		
5357	28106077		
5358	54591086		
5359	81985784		
5360	17484499		
5361	54878498		
5362	80863132		
5363	16268841		
5365	89041555		
5366	16135253		
5367	42534368		
5371	78706415		
5372	14291024		
5373	40695128		
5374	77084837		
5375	3078576		
5376	40473581		
5377	76862289		
5378	2356994		
5379	39751093		
5380	75745607		
5381	2134346		
5382	38538445		
5383	75923050		
5384	1412158		
5385	37406863		
5386	64801562		
5388	37684215	46	
5389	63789924		
5390	99173029		
5391	36562627		
5392	62966332		
5393	99351431		
5394	25345186		
5395	61844784		
5396	98239899		
5397	24623598		
5398	61622107		
5399	93016201		
5400	29401950	4c	
5401	56995655		
5402	92394653		
5403	29389368		
5404	55773067		
5405	81172176		
5406	28566710		
5408	81059524		
5409	17444133		
5410	53839837	8e	
5411	80233946		
5412	16222645		
5413	43716289		
5414	89111398		
5415	16509093		
5416	42994702		
5417	88989706		
5418	15383415		
5419	41872150		
5420	78266168		
5421	14261867		
5422	40659562	52,5c	
5423	77044671		
5424	3549275		
5425	40933924	1a	
5426	76922029		
5427	2326738		
5428	39711336		
5429	75109441		
5430	2204140		
5431	38699854		
5432	14087893		
5433	41482598		
5434	77876207		
5435	4861205		
5436	40350910		
5437	76754619		
5438	3149764		
5439	39537362		
5440	76532077		
5441	2926176		
5442	38411870		
5443	65810489		
5444	1804528		
5445	38299233		
5446	64697231		
5447	1082946		
5448	37576645		
5449	63571750		
5450	90960358	62,30a2	
5451	36354007		
5452	63749102		
5453	99747800		
5473	43509019	62	
5474	89997728	62	
5475	16392422	62	
5476	42386471	62	
5477	79875176	62	
5478	15270885	62,ac	
5479	42664989		
5480	78053598		
5481	14057297		
5482	41442341	83	
5483	77936940		
5484	4335645		
5485	40320754		
5486	76714458		
5487	3103067		
5488	39507162		
5489	76052811		
5490	2047519		
5491	38445524		
5492	65830223		
5493	1224927		
5494	38723936		
5496	102380		
5497	37507488		
5498	63995093		
5499	90980792	16	
5501	62873545		
5502	99267150		
5503	25652259		
5504	62651957		
5505	98045062		
5506	24530661		
5507	51934376		
5508	97923414		
5509	24317029	2e	
5510	50712728	2e	
5511	37101832	2e	
5512	63695531	2e	
5513	99690140	2e	
5514	26084285	2e	
5515	62473983	2e	
5516	99877698	2e	
5517	25262697	2e	
5518	51351302		
5519	98745000		
5520	24140059		
5521	51534754		
5522	87523462		
5523	23927567		
5524	50412166		
5525	86801871		
5526	23205979		
5527	59290628		
5528	85684223		
5529	12183332		
5530	58577036		
5531	85562745		
5532	11961740		
5533	47355498	91	
5534	84740193		
5535	10248192		
5536	47233801		
5537	73628505		
5538	10012614		
5539	46411259		
5540	72405967		
5541	5990062		
5542	41398771		
5543	78783370		
5544	4178474		
5545	40172183		
5546	77561728		
5547	3055837		
5548	30450531		
5549	76848240		
5550	2833249		
5551	39238953		
5552	65622692		
5553	2111707		
5554	38105306		
5555	64500000		
5556	91998119		
5557	37383714		
5558	64788463		
5559	90876561		
5560	36261276		
5561	63665875	ac	
5562	99050989		
5564	62543393		
5574	86871614		
5575	23265313		
5576	59750328		
5577	85758066		
5578	12143771		
5579	58538870		
5580	85936485		
5581	11321183		
5582	47415292		
5583	84814897		
5584	10209545		
5585	47693640		
5586	73698349		
5587	19086954	ac	
5588	46571052		
5589	12965761		
5590	59364406		
5591	85359414		
5592	11743119		
5593	48148828		
5594	84636823		
5595	11021521		
5596	47025270		
5597	73414375		
5598	10809984		
5599	46303688		
5600	73398797		
5601	9786492		
5602	46181000		
5603	72575145		
5604	8964854		
5605	35059553		
5606	71453557		
5607	8842266		
5608	34236961		
5609	70231910		
5610	7625614		
5611	33114323		
5612	60519422		
5613	2903036		
5614	38992735		
5615	65396880		
5616	91781589		
5617	38275183		
5618	64274292		
5619	90669991		
5620	27053506		
5621	63442604		
5622	90846359		
5623	26931058		
5624	62325062	4c	
5625	99724761		
5626	25119460		
5627	52503575		
5628	98502113	6e	
5629	24096228		
5630	51481927		
5631	87880531		
5632	24874630		
5636	59546797		
5637	86541496		
5638	12930501		
5641	11813953		
5642	48202661		
5643	84696266		
5644	11091375		
5645	47480070	4	
5646	73574678	4	
5647	10979723	4	
5648	46363422	6e	
5649	73752131		
5650	9156135		
5651	45141844		
5652	72630549	cf	
5653	8034697		
5654	35429292		
5655	71413901	6e	
5656	7802006		
5657	34206604	6e	
5658	70791313		
5659	7180418	6e	
5660	33184167		
5661	69579761	67	
5662	6967870	1a	
5663	32362575	6e	
5664	69456283		
5665	95841282		
5666	32240937	6d	
5667	8634636		
5668	34029630		
5669	61127349		
5670	7512044		
5671	34906152		
5672	60391791		
5673	6390406		
5674	33784505		
5675	69279219		
5676	96677818	106e	
5677	32062913	6e	
5678	68057622	200	
5679	95451366		
5680	21840375	106e	
5681	68334074		
5682	94739788		
5683	20727787		
5684	53112492		
5685	99517131		
5686	26905245		
5687	52090844		
5688	98494543		
5695	13944422		
5696	50939127		
5697	86327225		
5698	13722870		
5699	49217579		
5700	85605684		
5701	12600382	de	
5702	48094997		
5703	85489096		
5704	11987744		
5705	47372349		
5706	74367458	52	
5707	10755153	52	
5708	47150851	52	
5709	73544866	52	
5710	9633505	52	
5711	46037213	52	
5713	9817927		
5714	35215622	ac	
5715	71200730		
5716	8794435		
5717	34193084		
5718	61587183	1a	
5719	7572887		
5720	33977496		
5721	60365591		
5722	6850209	45	
5723	33244944	de	
5724	69243953		
5725	95638658		
5726	32022366		
5727	68427465		
5728	95515060		
5729	21900719		
5730	68304813		
5731	94793422		
5732	20188127		
5733	57182235		
5734	93671934		
5735	20065549		
5736	56460688		
5737	92854392		
5738	29843091	f	
5739	55348096		
5740	82732705		
5741	28121403		
5743	81510157		
5752	28553439		
5753	55948544		
5754	81332143		
5755	14731897		
5756	50725996	10a2	
5757	87210505		
5758	13604200		
5759	49003308		
5760	86498013		
5761	12482652	f	
5762	49881766	45	
5763	75375465		
5764	11760174		
5765	48768179	1a	
5766	74153887	1a	
5767	11548522		
5768	47942531		
5769	73431236		
5770	425934	ac	
5771	46820049		
5772	73219648	45	
5773	9603356	45	
5774	35798491	45	
5775	72192100	45	
5776	8581705	45	
5777	35975813	45	
5778	61370518	45	
5779	7369217		
5780	34853266		
5781	60258960		
5782	97642679		
5783	33031674		
5784	69035382		
5785	96420087		
5786	32919136		
5787	69313735		
5788	95308449		
5789	22796548	45	
5790	68191243	1a	
5791	94585852		
5792	21070956		
5793	57069605		
5794	94463200		
5795	20858318	1a	
5796	56246017	45	
5797	83241722		
5798	29735721		
5799	56120475		
5800	82529174		
5803	81306586	5a	
5804	18891691		
5806	80280944		
5807	17679043	5a	
5810	16956455		
5811	42941100	f	
5812	79335209	f	
5813	15734813		
5814	42129512	67	
5815	78613627		
5816	14618326	2b	
5817	41006930	2b	
5818	77491079		
5819	4896788		
5820	40884383		
5821	77379481		
5822	3773196		
5823	39168895		
5824	16556849		
5825	42541548	ac	
5826	75946257		
5827	1434352	cf	
5828	47829960	cf	
5829	74823665		
5830	218704		
5831	47606319		
5832	73001017		
5833	9596126	cf	
5834	36584821		
5835	72989439	10cf	
5836	9373534		
5837	35762283		
5838	61166988		
5839	8251996	f	
5840	34646691		
5841	61044390	cf	
5842	97439308	cf	
5843	33423043		
5844	60912752		
5845	96316857		
5846	23701465		
5847	69196160		
5848	95194279		
5849	22589918		
5850	68073522		
5851	95472621		
5852	21466326		
5853	58851034		
5854	94256039		
5855	20644748		
5856	57139487		
5857	83133491		
5858	20522190		
5859	56916805		
5860	82301904	cf	
5869	80304126		
5871	43793530		
5872	79182538		
5873	16587243		
5874	42071342		
5875	78060096		
5876	5464695		
5877	41859700		
5878	78243409		
5879	4732017		
5880	40737112		
5881	77121851		
5882	3510565		
5883	30914564		
5884	76909279		
5885	3493978		
5886	39892082		
5887	65287621		
5888	2671330		
5889	38670435		
5890	65064143		
5891	91559748		
5892	37957847		
5893	64342551		
5894	90337190		
5895	37721209	1da	
5896	63120904		
5897	95614612		
5898	22609617		
5899	68007326	52	
5900	95492061		
5901	21887179		
5902	57281778		
5903	34370473		
5904	60764581		
5905	97169186		
5906	23557835	46	
5907	69542930		
5908	96947648		
5909	22431243	10e	
5910	59820352		
5911	95214051		
5912	21219755		
5913	58607704		
5914	94192409		
5915	21597117		
5916	57585212		
5917	84970821		
5918	20374520		
5919	56769674		
5920	83258273		
5921	19252988		
5922	56647086		
5923	82035781		
5924	18430390		
5926	81919143		
5927	18318842	75	
5928	44702857		
5930	17185260		
5931	43580269		
5932	70074904		
5933	16469012		
5934	42868711		
5935	79852326		
5943	30707994		
5944	76895648		
5945	3280747		
5946	39674352		
5947	66073051		
5948	2468169		
5949	39552864		
5950	65957473		
5951	91345518	44	
5952	38730226	44	
5953	64734921	44	
5954	91123920	44	
5955	27618634		
5956	63012333		
5957	90407382		
5958	26495087	8e	
5959	53890795		
5960	99284890		
5961	25773409		
5962	52768103		
5963	98162242		
5964	25551951		
5965	51945556		
5966	87340664		
5967	24435369		
5968	50823978		
5969	83228073		
5970	19612721		
5971	55001420		
5972	82005435	2b	
5973	18590133	ac	
5974	45985838		
5975	81383947	6e	
5976	18378582		
5977	44762290		
5978	80161395		
5979	17655904		
5980	43040603		
5981	10035717	a5	
5982	56433456		
5983	82828051		
5984	19312169		
5985	45311864	ac	
5986	82705573		
5987	18190572		
5988	44595286		
5989	71983925		
5990	17078030		
5991	44472639		
5992	70861343	61	
5993	16255442		
5994	43250041		
5995	79649195		
5996	6133894		
6000	31305911		
6001	78700060		
6003	30683373		
6004	67688478		
6005	3072077		
6006	30461781		
6007	66865880		
6010	65743242	21	
6018	27288416	184	
6019	53776525		
6020	99171160		
6021	26566878		
6022	52550973		
6023	89959682		
6024	25343280		
6025	51838385		
6026	88236094		
6027	24221739		
6028	51616747		
6029	87010442		
6030	13409151		
6031	50593156		
6032	86988864		
6033	13386503		
6034	49771608		
6035	85166216		
6036	12160911		
6037	48659020		
6038	75043725		
6039	11448373		
6040	44436472		
6041	70821187		
6042	16226786		
6043	43714890		
6044	79109599		
6045	6103294		
6046	42598242		
6047	78986941		
6048	5371656		
6049	31476755		
6050	78864369		
6051	4259068		
6052	30653113		
6053	67048711		
6054	3136426		
6055	30531525		
6056	66926224		
6057	2314238		
6058	39719977		
6059	5703682		
6060	32298781		
6061	78697395		
6062	4081094		
6063	31076103		
6064	67464807		
6065	4869446		
6066	30353551		
6067	66742250		
6068	93747864		
6069	39131963	200	
6070	66526672		
6071	92924317		
6072	39019325		
6073	65403020		
6075	28297833		
6076	64681432	f5	
6078	27174286		
6079	53569894		
6082	53347303	dd	
6083	89731911		
6084	25236056		
6085	52624755		
6086	88619463		
6087	15013468	5c	
6088	51402177	5c	
6089	87997872	5c	
6090	14391920		
6092	87774234		
6093	13179332		
6094	49563947	cd	
6095	86652646		
6096	12057781	ac	
6097	49441499	41,5d	
6098	75830094	41,1003	
6099	11224103	41,1003	
6100	48229808	41,1003	
6101	74713516	41,5e	
6102	1102515	41,5e	
6103	47507260	41,5f	
6104	74591968	41,5f	
6105	980973	41,111	
6106	46384672	41,111	
6107	73879377	41,111	
6108	9264485	3	
6109	36262024		
6110	72657739		
6111	4041838	2b	
6112	31440542		
6113	67934141		
6114	4929256		
6115	30314994		
6116	66712593		
6117	93107608		
6118	39191307		
6119	66690411		
6120	92084010		
6121	38479725		
6122	65878864		
6123	91862578		
6124	28357177		
6125	64751286		
6126	90140980	f	
6127	27134689		
6128	53539634		
6129	90928333		
6130	26412047		
6131	52817046		
6132	89801755		
6133	25290459		
6134	52684508		
6135	88089103		
6136	25578802		
6137	51562916		
6138	27967615	46	
6139	54351224	3a	
6140	90740329		
6141	27744077		
6142	53239672		
6143	89628781	61	
6144	26022485		
6145	52417194		
6146	89405199		
6147	15800838		
6148	51394546		
6149	88789641		
6150	14778250		
6151	41172955	51	
6152	87567063		
6153	13955608	89	
6154	40450317		
6155	86445415	51	
6156	13839120	51	
6158	75622824		
6159	12117532		
6160	48115277		
6161	75500286		
6162	1995985	41,e7	
6164	74388798	41,e7	
6166	37267041	41,e7	
6167	73665146	41,e8	
6168	50755		
6169	36045450		
6170	72443568	41,e8	
6172	35322812		
6173	62327910		
6174	8715625		
6175	34100324	64	
6176	61505339		
6177	97093037		
6178	34088136	41,5d	
6179	60482781	41,5f	
6181	23265594		
6182	65260293		
6183	92755808		
6184	28143906		
6185	64538655		
6189	90810762		
6190	26205777		
6191	53693416		
6192	89698120		
6193	26082229	65	
6194	52571838		
6195	88975532		
6196	15960641		
6197	51355346		
6198	88753985		
6199	14148099	15	
6200	51632798		
6201	87621407		
6202	13026402		
6203	40410110		
6204	86805855		
6205	13803864	184	
6206	49398568		
6207	75782277	64	
6208	12181376		
6209	48576971		
6210	75560629		
6211	1965724	184	
6212	47453433		
6213	74848038		
6214	242146		
6215	37231841		
6216	13626450		
6217	49010598		
6218	76515293		
6219	12503902	1b2	
6220	49998907		
6221	75392615		
6222	1781310		
6223	48276469		
6224	74270067		
6225	1669772		
6226	37053871		
6227	74458486		
6229	36931229		
6231	9720537		
6232	36119641		
6233	62113340		
6234	8508055		
6235	35052053		
6236	61441708	11f	
6237	98446407	11f	
6238	34830502	41,5d	
6239	60229110		
6240	97623219		
6241	23118924		
6242	60102563		
6243	96501677		
6244	22996376		
6245	59380081		
6246	95789089		
6247	22873798		
6248	58268433		
6249	94667532		
6250	21051146	c5	
6251	57046845		
6252	84430950		
6253	20939559		
6254	52323207		
6255	89718302		
6256	15717011	46	
6257	52101615	46	
6258	88696724	46	
6259	15090429		
6260	41089128		
6261	87473172		
6262	14878871		
6263	40267580		
6264	87751584		
6265	13756293	6d	
6266	49140998		
6267	76539047		
6268	12923641		
6269	49328340		
6270	75417459		
6271	1801154		
6272	48206762		
6273	74694807	46	
6274	1689516		
6275	37083210	200	
6276	73578229		
6277	967928		
6278	36361633		
6279	63356631		
6280	9744376	ac	
6281	35149085		
6282	62633180		
6283	8628798		
6284	35027493		
6285	61411502		
6286	97806240		
6287	34294855	8e	
6288	60399954		
6289	97783659		
6291	60577362		
6292	96561011	3b	
6293	22056710	8e	
6298	34627841		
6302	60999392	36	
6303	96384007	36	
6304	23782705	36	
6305	59277750		
6307	22666164		
6308	58054262	36	
6310	21844576	3008	
6311	58932615	3008	
6312	84327329	3008	
6313	20721928	3008	
6314	57116033	10a4	
6315	83104731	7	
6316	10509340	7	
6317	56094445	7	
6318	82482194	1a6	
6319	19877898	41,5d	
6320	45871897	52	
6321	82260502	5c	
6322	18654201	5c	
6323	45159319		
6324	71544954		
6325	13532663		
6326	40937767		
6327	76321376		
6328	3810071		
6329	49814180		
6330	75209824	52	
6331	2694423	3e	
6332	48092532		
6333	75487237		
6334	1571945	2b	
6335	37970940	bf	
6336	74364659	bf	
6337	759393	bf	
6338	37744402	bf	
6339	63142001	28	
6340	9637706		
6341	36021814		
6342	62420419		
6343	99414168		
6344	35809262	185,3008	
6345	61204971	3008	
6346	98792570		
6347	34187685		
6348	61181383		
6349	97570038		
6350	23965037		
6351	60369732		
6352	96458440		
6353	23842445	2d	
6354	59237154		
6355	96631852		
6356	22020907		
6357	58015506		
6358	85519211		
6359	21908319		
6360	58392024	46	
6361	84397023		
6362	20781762		
6363	57270476		
6364	83675475		
6365	10069180		
6366	56058888		
6367	82452993		
6368	19847532		
6373	11508758		
6374	57902462		
6376	10485110	1da	
6380	46668237		
6383	45945685	16	
6384	71930383	16	
6385	18325492	16	
6386	44729197	16	
6387	71218746	16	
6388	7602840	16	
6389	43697559	16	
6390	70095154	1093	
6391	6480253		
6392	33875961		
6393	79979666	3008	
6394	5368615	16	
6395	32752319	16	
6396	74157028	93	
6397	1546123	93	
6398	37630732		
6399	63035430	f6	
6400	423585		
6405	62180201		
6406	98585345	41,10a4	
6407	25573054		
6408	61968753		
6409	97362768		
6410	24857466		
6411	60246171		
6412	97240270		
6413	23635815		
6414	59023523	94	
6415	96428622	94	
6416	22512237		
6417	59907935	45,93	
6418	85306040	ac	
6419	22790789	15	
6420	58185394		
6421	84173492		
6422	11678191		
6423	57062206		
6424	84451804	12	
6425	10456559		
6426	56840658	12	
6427	83235263		
6428	19733961	28	
6429	46128076	6e	
6430	82112775		
6431	18511384	46	
6432	45906428	46	
6433	71490127		
6434	18895832		
6435	44883830		
6436	70278545		
6437	7672244		
6438	43061293		
6439	70156997	314d	
6440	6540606	614d	
6441	42945701	514d	
6442	79333300	a14d	
6443	5728014		
6444	32723153		
6445	78211862		
6446	5606466	4c	
6447	31000575		
6448	67095270		
6449	4483989		
6450	30888983		
6451	7373632		
6453	79766336		
6454	6150044		
6455	32549749		
6456	69933858		
6457	5438492		
6458	31423101		
6461	31600513		
6465	66973070		
6467	25366484	185,3008	
6468	61850482		
6469	98259197	f	
6470	24643836	f	
6471	51638941		
6472	97023549		
6473	23421244		
6474	50916353		
6475	96300057		
6476	23309606	6d	
6477	59793705	3008	
6478	86188410	3008	
6479	22587018		
6480	58071123		
6481	85066822		
6482	11460577	93	
6483	58859575		
6484	84243274		
6485	10248389	93	
6486	47737087	3008	
6487	83121692	3008	
6488	10526791	3008	
6489	46910446		
6491	19394153		
6492	45898858	100	
6493	72287557		
6494	18271561		
6495	44676200		
6496	71060915		
6497	7459013	6	
6498	44954628	15	
6499	70948327		
6500	6337436		
6501	33731070	6	
6502	79126789	6	
6503	6214884	6	
6504	32619583	6	
6505	78004197	6	
6506	5498296	6	
6507	31887905	10c0	
6508	68881649	10c0	
6509	4376658	10c0	
6510	31764353	10c0	
6511	67169062		
6512	93554166	6	
6513	30548775		
6514	66947414		
6515	93431518	6	
6516	29826127		
6517	65824822		
6518	92219931		
6519	28604635		
6520	55008284		
6521	91597389		
6522	27581098	46	
6523	54976796		
6524	90374791	a5	
6525	27769400		
6526	53754104		
6527	89252153	3008	
6528	26647858		
6529	52031567	3008	
6530	29436665		
6531	55424270	10d	
6532	91819979		
6535	81197327	3008	
6536	27191436		
6537	53586134		
6538	80075749		
6539	22479888		
6540	59464593	41,111	
6541	85852291		
6542	12247206		
6543	58641905		
6544	84136000		
6545	11125718		
6546	47529357		
6547	84914462		
6550	73891874		
6551	19280589		
6555	45462639		
6558	44330098		
6563	6007213		
6564	32491822		
6565	69890967	145	
6566	5285665	3008	
6567	32679370		
6568	68774379	93	
6569	4162088	93	
6570	31557782	7	
6571	67951831		
6572	94940436	41,1066	
6573	30435145	7	
6574	67829249	7	
6575	93224848	145	
6576	29612557		
6577	66607691	55	
6578	92001300	7	
6579	29590905		
6580	55985014		
6581	91989718		
6582	28378427		
6583	54762426		
6584	81167171		
6587	80045583	7	
6588	26439287	1093	
6589	53828396		
6590	89222931		
6591	15317640	15	
6592	52702748		
6593	88190453		
6594	15595052		
6595	41589166	20	
6596	87978805		
6597	14472500		
6598	40867519		
6599	77252217		
6600	13250922		
6601	49645921	d	
6602	76039636		
6603	12538374	12	
6604	49522489	12	
6605	75917088		
6606	2316186		
6607	48700891		
6608	14255590		
6609	41249545		
6610	73648243		
6611	10032958		
6612	46427957		
6613	72426662		
6614	9910360	12	
6615	45305419		
6616	72709014		
6617	8198712	1d1	
6618	44182827		
6619	71587526		
6620	7076131		
6621	34460239	a5	
6622	70865988		
6623	6859683		
6624	33248692		
6625	69632396	ac	
6626	6137095		
6627	32126000		
6629	95915457		
6636	20065322	a4	
6639	29343734	3008	
6640	55737443		
6641	92736188		
6642	28120197		
6643	55615891	185,3008	
6644	81003500	16,3008	
6645	27408609		
6646	54493213		
6647	80887952		
6648	17286057		
6649	53770666		
6653	89943723	9,3008	
6654	15341821		
6655	41436536	3008	
6656	88820235	3008	
6657	14225239	3008	
6658	41613948	c008	
6659	77608643	c008	
6660	13093792	c008	
6661	40591390	c008	
6662	76986005	93	
6663	3370104	93	
6664	49375719	93	
6665	76763417	93	
6666	2158562	93	
6667	48653261		
6668	75041269		
6669	1036974		
6670	38430673		
6671	74825788		
6672	213326		
6673	37318031		
6674	63703130		
6675	191749		
6676	36586443		
6677	62980542		
6678	99075257		
6679	35464895		
6680	62868900		
6681	94253609		
6682	30241314		
6683	67646312		
6684	93130021		
6685	20529766		
6686	6924874	64	
6687	32918479		
6688	69303178		
6689	95701283		
6690	32296881		
6691	68280530		
6692	94689635		
6693	21074344		
6694	67468948		
6695	94853057		
6696	20951752		
6697	57346400		
6698	93730409		
6699	29139104		
6700	56524813		
6701	92518817		
6702	29013526		
6703	55401221	28	
6704	81896370		
6705	28890974		
6706	54289683		
6707	81674782		
6708	17178486	a5	
6709	53567095		
6710	80551130		
6711	16946849		
6712	43340443		
6713	89839552	83	
6715	42228966		
6716	88617904		
6717	15001619	83	
6719	77590412	83	
6720	14989021	12d	
6721	40384720		
6722	77778835		
6723	3167573	83	
6724	49161188	6e	
6727	39439590	93	
6728	75434695	3008	
6731	74711057	3008	
6733	37195861	3008	
6734	64599569		
6735	984114	16	
6736	36378213	16	
6737	63477921	93	
6738	99861526	16	
6739	36256625	1016	
6741	98049038	16	
6742	25034083	16	
6743	61538782	16	
6744	98927491	16	
6745	24311595	16	
6746	60306104		
6747	97705809		
6748	23299957	1016	
6749	50684552		
6752	55461064	c008	
6753	81866673	c008	
6754	28355718	c008	
6755	54749427	c008	
6756	80744121	c008	
6757	17132130	c008	
6758	53527835		
6759	80921533		
6761	43405287		
6762	89899996		
6763	15294090		
6764	42682609	1e	
6765	28677304	9,3008	
6766	55171412	9,cd,3008	
6767	81566151	9,3008	
6768	17955766	1f,cd	
6769	54959865	1f	
6770	80344569	1f	
6771	17732278	1f	
6772	43237273	1f	
6773	89621922	1f	
6774	16616620		
6775	42015635	9	
6776	79409334		
6777	15894048		
6778	41382147		
6779	78387742		
6780	14772491		
6781	41160595		
6782	77565204	46	
6783	3659803	46	
6784	40044918	3008	
6785	76442616	8,123	
6786	3837261	2066	
6788	75220074	111	
6790	38109772		
6791	65504487	1a0	
6794	64382839		
6796	37265642	d	
6797	63259351		
6798	90654356		
6799	36042004		
6800	62437709	c	
6801	99532708	c	
6802	25920413	c	
6803	62315111	c	
6804	98719226	c,2066	
6805	24104865	c	
6806	51192573		
6807	97697678		
6808	24082387		
6809	50470982		
6810	96875080		
6811	23869735		
6812	59258334		
6813	86742443		
6814	22147147		
6815	58132856	1a0	
6816	85520851		
6817	11925569		
6818	58419204		
6819	84808313	10e	
6821	47297616		
6822	83682725		
6823	10080320		
6824	42175079		
6825	79569173		
6830	41230939	4093	
6831	77625948	4093	
6832	3019642	4093	
6833	40418351	4093	
6834	76403456		
6835	3897065	1016	
6836	39396763		
6837	75780818		
6839	38179121	10e	
6841	1953925	7	
6842	37457534	7	
6843	4446672	7	
6844	40830387	7	
6845	77235086	2093	
6846	3629090	2093	
6847	39618799	2093	
6848	76103404	93	
6849	2507443		
6850	39996157	124	
6854	64268668	93	
6855	91663373	93	
6856	37057012	93	
6858	90440725	93	
6859	36935434	110	
6860	63323539		
6861	99328137		
6863	62107981	3008	
6864	98596596		
6865	25090294		
6866	51085303	3008	
6868	24878656	1a0	
6869	50263751		
6870	87257460	14,41	
6871	23756165	14,41	
6872	50140163	14,41	
6876	85313220	41,4f	
6877	12817939	41,4f	
6878	58206034	41,4f	
6879	84290642		
6880	11685347		
6881	47084486		
6882	84478195		
6883	10963799		
6884	47961808		
6885	73356503		
6886	19740112		
6887	46145256		
6888	72634965		
6889	9628664		
6890	45023678		
6891	71411377		
6892	8806072		
6893	44800181		
6894	71395725		
6895	3784434		
6896	39188539		
6897	76573247	c	
6898	2561846		
6899	39956951		
6900	65450690		
6901	1845204	46	
6902	38834303	200	
6903	64238008		
6904	91623717		
6905	37011715		
6906	63516460		
6907	90500169		
6908	36995273		
6909	63394872	a5	
6910	99788587		
6911	25173686		
6912	62271284		
6913	98666339		
6914	25050038		
6915	51449743		
6916	98444741		
6917	24838456		
6918	50323155		
6920	23116808		
6922	26509612		
6927	98266377	3008	
6928	24661486		
6932	50933533	7	
6933	86321248	7	
6934	13316346		
6935	59811955	7	
6936	86209650		
6937	12694768		
6938	58098303		
6939	85087012		
6940	11471117	1a0	
6941	48976825		
6942	84361420		
6943	10759529		
6944	47754278		
6945	73148972		
6946	10537981		
6947	46031686		
6948	73026394	46	
6949	9411399	c008	
6950	45809008		
6951	72204747		
6952	8698851	200	
6953	35787450		
6954	71181155	1b	
6955	7576264	1b	
6956	34961968	1b	
6957	70969517	1b	
6960	69247929		
6961	6631034		
6962	32626733		
6963	69025477	3d	
6964	95519486	3d	
6965	31904181	3d	
6966	64398890	3d	
6967	90397998	3d	
6968	27782503	3d	
6969	63176202	20	
6970	99675356	20	
6971	26669055		
6972	62054060		
6973	99458769	6	
6974	25847467	6	
6975	51232472	6	
6976	98336111		
6977	24725825	3e	
6978	51119924	83	
6979	87514539		
6980	24508238		
6981	50957346		
6982	86442081	75	
6983	13846680		
6984	59235795		
6985	86229493		
6986	12624008		
6987	58012107	c	
6988	85507811	9,3008	
6989	11502550	9,3008	
6990	48996569	9,3008	
6991	84385264		
6992	10789972		
6993	47274077	9	
6994	73262676		
6995	10667321		
6996	46052429		
6997	72446038		
6998	9845733		
6999	45939841		
7000	12324546		
7001	48712195		
7002	74117290	6	
7003	11102908	20	
7004	47596607	f6	
7005	74095602	a5	
7006	10489311		
7007	46874015	3d	
7008	73872164		
7009	9267769		
7010	46652477		
7011	72150572	46	
7012	9145181		
7013	35539880		
7014	71934924		
7015	8323633		
7016	34717238		
7017	61802346		
7018	7200041		
7019	33695750		
7024	95362816	3008	
7025	32750510		
7026	68745629	3008	
7035	56784842		
7038	51962254		
7039	87350908		
7046	12510878	10a	
7047	49905576		
7048	85399281		
7049	12398280		
7050	48783998		
7051	84177693		
7052	11662742		
7053	47060347		
7054	74055055		
7056	46848859	16	
7057	73333463	16	
7058	9327502	3008	
7064	8483333		
7068	33655493		
7071	32933942	1034	
7072	69937550	1034	
7073	95326659	34	
7074	32710364	1034	
7075	68215963	1034	
7076	95600067	1034	
7077	21698716	1034	
7078	7093411	1034	
7079	34487429		
7080	60876124		
7081	97970833		
7082	33365932	32	
7083	69750546	32	
7084	96148285		
7085	32543380	32	
7086	69537999	b9	
7087	95026693		
7088	21420702	b9	
7089	68815401		
7090	94804055		
7091	21208154		
7092	57793869		
7093	93187568		
7094	20586572		
7095	56570271	c008	
7096	83965310	c008	
7099	82243738		
7102	81020140	32	
7103	17415895	32	
7104	54514594	32	
7105	80908502	3008	
7106	17393207	2e	
7107	43797906		
7108	80186010		
7109	12171659		
7110	48675364	45	
7111	75064463	64	
7112	11458071		
7113	48453776		
7114	74841885		
7115	10236520	2b	
7116	47731128		
7117	73125233		
7118	114932		
7119	46508640		
7120	72903645		
7121	9391354		
7122	35486099	34	
7123	72881007	34	
7124	8275702	34	
7125	34664411		
7126	61068510		
7127	7153114		
7128	34541863		
7129	60946968		
7130	96331676	34	
7131	33725271	32	
7132	69724380		
7133	96218085		
7134	32603633		
7135	69091732		
7136	95096437		
7137	21481146		
7138	68875140	ac	
7139	94374859		
7140	21768554		
7141	57753602	47	
7142	93151201		
7143	20546916		
7144	56931015		
7145	83039729	3d	
7146	29424328		
7147	55818463		
7148	82213171		
7149	28601770	45	
7150	55696885		
7151	81191584		
7152	17589298	110	
7153	54974237		
7154	80368942		
7155	17363041	1e	
7156	43751755	1e	
7157	29246354	1e	
7158	56641453		
7159	82639107		
7160	19024706		
7161	55428811	7f	
7162	81913510		
7163	18302224	9	
7164	54306223	50	
7165	81791932		
7166	17189677		
7167	44584775		
7168	80678380		
7169	16067089		
7170	43452193		
7171	79856792	2034	
7172	16241441	1e	
7173	42239546	1e	
7175	5128859	9,3008	
7176	41517968	3008	
7177	78512663	9,3008	
7178	4906301		
7179	40391316	f	
7180	73899015	50	
7181	9284723	50	
7182	36278828	50	
7183	72677437		
7184	8062132		
7187	8949584		
7188	34334692		
7189	60728397	50	
7190	97127906	c	
7191	33112041	32	
7192	60606759	6	
7193	96005454		
7194	22499463	50	
7195	69884162	9,3008	
7196	95888876		
7197	22377815		
7198	68762510		
7199	95166228		
7200	21155323		
7201	57549932		
7202	94944637		
7203	20438745		
7204	57827484		
7205	83812099		
7206	29216198		
7207	56605802		
7208	82099401		
7209	19594506	9	
7210	55589254		
7211	81977953		
7212	18372968		
7213	54766667		
7214	81755371		
7215	17259470		
7216	43644025		
7217	80033124	4093	
7218	16437822		
7219	43422537		
7220	79816536		
7221	15305240		
7222	42709949		
7223	78794994		
7224	5183693		
7225	41587307	60	
7226	77972406		
7227	4466015	50	
7228	40465719		
7229	77859858		
7230	3244563		
7231	30643162		
7232	76137276		
7233	2122975		
7234	39526584		
7235	5915629		
7236	42309337	200	
7237	78394032		
7240	77672444		
7243	76459806	32	
7244	3954901		
7245	39343610		
7246	66337215		
7247	2732323		
7248	38120068		
7249	65515667		
7250	91019775	24	
7251	34004470		
7252	60493189	3008	
7253	96897184	14c	
7254	23282832		
7255	69270537		
7256	96765646		
7257	22160245	6008	
7258	58554959	6008	
7259	95943058	6008	
7260	21947653	6008	
7261	58332301	6008	
7262	94820406	46	
7263	21225115	14c	
7264	57610714	18	
7265	83604828	18	
7266	20003527	18	
7267	56597272	18	
7268	83982270	18	
7269	19980975		
7270	55375684		
7271	82760689		
7272	18158397		
7273	45653036		
7275	17032740	9,cf,3008	
7276	44430454	3d	
7277	80825553	18	
7278	17810268	18	
7279	43318266	18	
7280	79703905	18	
7281	16197610	18	
7282	42592719	1019	
7283	79580323	1019	
7284	5975022	1019	
7285	41470137	1019	
7286	78868776	1019	
7287	4253484	1019	
7288	31247589	1019	
7289	77642288	1019	
7290	3030892		
7291	30525991		
7292	76520646		
7293	3918345		
7294	39303359	7	
7295	66707058	ac	
7296	2196767		
7297	38280762	20	
7298	65685470	3d	
7299	91070115	c	
7300	38468214	c	
7301	64463828		
7302	90957527	1019	
7303	27346636	1019	
7304	63741331		
7305	90135989	18	
7306	26120084		
7307	52518793	1019	
7308	99013397	4d,1019	
7309	25407406	4d,1019	
7310	52496105	4d,1019	
7311	98891840	1019	
7312	24285858	19	
7313	51670553	60	
7314	27178262	3d	
7315	64163367		
7316	90557975		
7317	26956670		
7318	53341729		
7319	99735427		
7320	26834022		
7321	52228131		
7322	84613836		
7323	21007444		
7324	57006589		
7325	84491298		
7326	20985997		
7327	57384901		
7328	83778600		
7329	19763315		
7331	82556058		
7332	19041767		
7333	45045866		
7334	81434470		
7335	18828179		
7336	44223284	1ae	
7337	71717923		
7338	17706537		
7339	43191636		
7340	70595331		
7341	16984449		
7342	43378048	145	
7343	79473793	1d9	
7344	5861892	5	
7345	42256406		
7346	78651105	13e	
7347	5645210		
7348	31034919		
7349	77538567		
7350	4923662	cf	
7351	30312361	cf,db	
7352	67316075	ef	
7353	3701074		
7354	30155789		
7357	39033131		
7358	65422840		
7359	92826944		
7363	27198001		
7364	64583600		
7365	90582719	1019	
7366	26976414	77	
7367	53461122		
7368	99865167		
7369	26254876		
7370	52248570	45	
7371	88643579		
7372	25132288		
7376	50304345	6008	
7377	87798440		
7378	13293158	6008	
7379	50282757	6008	
7380	86676862	6008	
7381	12071500		
7382	49469105	46	
7383	85854214	123	
7384	12958919	49	
7385	48343627		
7386	75732622		
7387	11136371	47,200	
7388	47121070	34	
7389	74519184		
7390	10004783	34	
7391	47408488	34	
7392	13893596		
7397	71564252		
7398	17559367		
7399	44947065		
7400	70342110		
7401	7736719		
7403	79229522		
7404	6614221		
7405	42009836		
7406	79407975	2034	
7407	5592689	110	
7408	31986288	123	
7409	78371393	19d	
7410	4779091	19d	
7411	31764700	19d	
7412	67159705	93	
7413	3657444	93	
7414	30042158	93	
7415	66436257	32,200	
7416	93431862	c008	
7417	39829561	c008	
7418	66214679	3	
7419	92719314		
7420	38107923	11f	
7421	65192027	111	
7422	91596726		
7423	28985331		
7424	64379430		
7425	90464188		
7426	27869883		
7427	53257892		
7428	90642597		
7429	26046205		
7430	52035300		
7431	89529919		
7432	25924653	1019	
7433	52319752		
7434	88307361		
7435	14702066		
7436	51196174		
7437	87685879	67	
7438	14089428		
7439	50074522		
7440	86469231		
7442	49352945	9,3008	
7443	86346643	9	
7444	12735388		
7445	48130397	46	
7446	75524092		
7447	11913700	9	
7448	48017809		
7449	74402414		
7450	1896112		
7451	47295267	94	
7452	73680966		
7453	674561		
7454	46173679		
7455	73567374		
7456	9952083		
7457	35956022		
7458	72345736	3d	
7459	8730435	45,4d,1019	
7460	35224440	19	
7461	61623148	6	
7462	7617253		
7463	34002992		
7464	60406591		
7465	93895605		
7466	39980304		
7467	65384019		
7468	92773018	94	
7469	38167722	14d	
7470	5562461		
7471	31550470		
7472	67045174	89	
7473	4440873		
7474	30834988		
7475	67223587		
7476	93217231		
7477	39712330		
7478	66100045		
7479	92595643		
7480	29590752	1019	
7481	65984457	1019	
7482	92373006		
7483	28877100		
7484	64262809		
7485	91250514		
7486	27655513		
7487	54040221		
7488	90434926		
7489	26533075		
7490	53927679		
7491	89312388	3008	
7492	26701483		
7493	52105192	89	
7494	88190790		
7495	15684835		
7497	88477149		
7498	14462257		
7503	86133013		
7504	12527118		
7505	49922726		
7506	75311421		
7508	48800175		
7510	1683982		
7511	47077697		
7513	561300		
7514	37955049		
7516	9748752		
7517	36733451		
7518	72237166	110	
7519	9622164		
7520	35011819		
7522	8400623		
7526	33776734	41,10a4	
7527	60161788	2f	
7528	96565487	2066	
7529	23950192	2f	
7530	69448290	37	
7531	95443805	37	
7532	22837504	37	
7533	68226653	2c	
7534	95621257	2c	
7535	21615956	2c	
7536	53100061	100d	
7537	90508760	100d	
7538	26993374	100d	
7539	53388413	b0	
7540	89386122	1	
7541	25771826	1	
7542	52265835	1	
7543	88650530	3e	
7544	15658249	3e	
7545	51043243	3e	
7546	88438982	3e	
7547	14936691	3e	
7548	50321796	2f	
7549	27315304		
7550	53714009	2c	
7551	80108118	100d	
7552	26593852	1	
7553	52098461	9	
7554	89086566		
7555	15471265		
7556	52875873		
7557	88264978	3b	
7558	14258627		
7559	41753322		
7560	87148330		
7561	14536035		
7562	40921744	ef	
7563	76925842	10a	
7564	13314457		
7565	49808196		
7566	76203291		
7567	12298909		
7568	48686504		
7569	75081613	3e	
7570	1475311		
7571	48964966		
7572	74968065		
7573	1353770		
7574	37742478		
7575	73146473		
7576	131182		
7577	36625827	c008	
7578	63014935	32	
7579	9418534	bc	
7580	35803249	bc	
7581	62892347	5	
7582	8396952	5	
7583	35781051	5	
7584	61175706	5	
7585	97574404	5	
7586	34568403	5	
7587	60953118	5	
7588	97452817	5	
7589	23846921	5	
7590	69831560	5	
7591	96235275	38	
7592	22624373	38	
7593	59019082	38,2066	
7594	95503687	38	
7595	21502796	38	
7596	58996430	38	
7597	94381039	38	
7598	21785144	38	
7599	57774843		
7600	83269557		
7601	20663556		
7602	56052205	12	
7603	83446909	28	
7604	19441018	28	
7605	56839613	28	
7606	82324312	ac	
7607	14729426		
7608	41113025		
7609	87102774		
7610	14506878		
7611	40991587		
7612	86489182	12d	
7613	13474291	18	
7614	49879995		
7615	76263644		
7616	12652643	7	
7617	48156348	1019	
7618	75141056		
7619	1539051		
7620	48934760		
7621	74329404		
7622	313513		
7623	37812118		
7624	73206827		
7625	691925	a5	
7626	36099620		
7627	2084239		
7628	49479374		
7629	75967082		
7630	2362787		
7631	48356796		
7632	74741494		
7633	1149109		
7634	37534148		
7635	74029853	60	
7636	27551		
7637	37412656		
7638	63806265		
7639	9201964		
7640	36690018		
7641	62784717		
7642	99189322		
7643	35577420		
7644	61962135		
7645	98956134		
7646	34351849		
7647	61840587		
7648	97234686	19,a5	
7649	23639291		
7650	60627999		
7651	96012004		
7652	23516703		
7653	59905358		
7654	95990456		
7658	21672573		
7659	57666212		
7660	84055227		
7661	20450925		
7662	57844634	78	
7663	83239739		
7664	19327348	bf	
7666	82116191		
7667	19505896		
7668	45500495		
7669	82994509		
7670	18489208		
7671	44887817		
7672	71272951		
7673	17266660		
7674	44665365		
7675	70050374		
7676	6544078		
7677	43543777		
7678	75937826	15	
7679	2322421	2066	
7680	48716139		
7681	74115234		
7682	1200843		
7683	37694547		
7684	74093656	2066	
7685	487395		
7686	36472900		
7687	63977008	43,1017	
7688	9365703	2066	
7689	36750412		
7690	62154416		
7691	98143165	17	
7692	35537860		
7693	61032879		
7694	98427577		
7695	34815282		
7696	60800381	43,2066	
7697	97204936		
7698	23693634		
7699	60187739		
7700	96182448	2d,1017	
7701	23571046		
7702	59965151		
7703	95360850	2066	
7704	22754505		
7705	58843503		
7706	25247218		
7707	61632317		
7708	97021916	57	
7709	24025620		
7710	60410769		
7711	97904474		
7712	23303072		
7713	59797187		
7714	96782886		
7715	22171591		
7716	59575539		
7717	85060248		
7718	21454943		
7719	58453942		
7720	84847656		
7721	11232355		
7722	57731460	1019	
7723	83725008	38	
7724	10110717		
7725	56514812	2066	
7726	83903521		
7727	19357125		
7728	45452224		
7729	82841979		
7730	18235577		
7731	45620686		
7732	71628381		
7733	18013090	2d,2066	
7734	44508094	a3	
7735	70902743	1045	
7736	7391448	52	
7737	43385557	16	
7738	70780151	45	
7739	6178850		
7740	32663969		
7741	79068663	43	
7742	5052212		
7743	32441317	17	
7744	78845026		
7745	4230620		
7746	31328739		
7747	67723438	1c5	
7749	30502181	38	
7750	62991886		
7751	99995595		
7752	35480699		
7753	62878208		
7754	98273947		
7755	24268052		
7756	61656650		
7757	97151365		
7758	24545464	1017	
7759	60930169		
7760	96938777		
7761	23323812		
7762	59718521		
7763	96216229	1019	
7764	22201234	38	
7765	59695933		
7766	85080048		
7767	21488686		
7768	58873391		
7769	84968490		
7770	11366199	12d	
7782	17573739		
7787	19844995		
7788	46239604	12	
7789	82633308		
7790	19028307	13e	
7795	71799173	52	
7796	7183277	38	
7797	44178886	38	
7798	70676581		
7799	6061630		
7800	33455338		
7801	79444933		
7802	6849042		
7803	32233746		
7804	68722455		
7805	5126490	9	
7806	31111109	9,3008	
7807	68505803	2	
7808	4904812	2	
7809	30399511	2	
7810	67483216	2	
7811	93882364	2	
7812	30276969		
7813	66661678	2f	
7814	92065772	2f	
7815	29054481	37	
7816	65549080		
7817	92933195	37	
7818	28332833	2c	
7819	54326448	2c	
7820	91711547	2c	
7821	23115241	100d	
7822	50604950	100d	
7823	96099959	100d	
7824	23093604	100d	
7825	59482302		
7826	85876417	1	
7827	22371016	1	
7828	58760121	3e	
7829	85754829	3e	
7830	11159464	3e,7f	
7831	57543573	3e	
7832	84932271	3e	
7833	10026986	3e	
7834	47421985	2	
7835	83810690	100d	
7836	19204398	1	
7837	46609443	cf	
7838	82693042	cf	
7839	19182751	2	
7840	45586855	1	
7841	71971554	1017	
7842	18960169	ac	
7843	44364207		
7844	71759912	67	
7845	7243511	67	
7846	43642620		
7848	6021033		
7849	33420078		
7850	79814787		
7851	5309481		
7852	32393580	93,1ae	
7853	78792195	3d	
7854	5186893	3b	
7855	31571902		
7856	68670547		
7857	4064256		
7858	30459350		
7863	32120116		
7864	69514125	10a	
7865	5519829		
7866	32907538		
7867	68392533		
7868	94886282		
7869	31281980		
7870	67270095	1017	
7871	94664694	45	
7872	30069398		
7873	66457407		
7874	93542102	26	
7875	29947751	26	
7876	66331855	26	
7877	92720564	26	
7878	28124263	26	
7879	55119278	26	
7880	91607976	26	
7881	28002611	51	
7882	54497620	51	
7883	80885324		
7884	27870033		
7885	53274132	25	
7886	80769747	25	
7887	26157485	25	
7888	53152590	25	
7889	89547299		
7890	15935204		
7891	52430902		
7892	84824601		
7893	11819616		
7894	47217354	35	
7895	83602069		
7896	10097168		
7897	46195773	2066	
7898	73580471	1123	
7899	19974580	25	
7900	45379225		
7901	72767833		
7902	18752938		
7903	45247637		
7904	71645242		
7905	7030340		
7906	44424095	26	
7907	70423794	26	
7908	7817703	26	
7909	33302407		
7910	79707116		
7911	6795211		
7912	32180819		
7913	69584564		
7914	5973663		
7915	31467372		
7916	68462976		
7917	4857085		
7918	31245780		
7919	67630339	46	
7920	94634433		
7921	30123142	17	
7922	66518841		
7923	93912845		
7924	29307554		
7925	66395299		
7926	92890308		
7927	28284902	26	
7928	55673611		
7929	91078716		
7930	28062325		
7931	54451023		
7932	80955168		
7933	27340877		
7934	53334471		
7935	80723580	4c	
7937	52512994		
7942	54283059	46	
7943	81278754	12	
7944	27762803	2a	
7945	54161401	2a	
7946	80555116	2a,52	
7947	16940215	2a	
7948	53944920	2	
7949	89333528	2	
7950	16828633	2	
7951	52222372	2	
7952	89211486	2	
7953	15605085	2	
7954	41090784	2f	
7955	88494899	2f	
7956	14983497	37	
7957	41978142	37	
7958	77372241	2c	
7959	13761956	2c	
7960	40155554		
7961	76650663	1	
7962	3648368	1	
7963	45033006	1	
7964	71438011	1	
7965	8822710	1	
7966	44811425	3e	
7967	71315423	3e	
7968	7700132	3e	
7969	33198837	2a	
7970	70583986	2f	
7971	6588580	2	
7972	33972299	2	
7973	69461394	1	
7978	31038159		
7981	30915572		
7982	67300516	3b	
7983	93709215		
7984	20193924	1d9	
7985	66288028	2066	
7986	92676637		
7987	29071332		
7988	55465441		
7989	92450185		
7990	28859794		
7991	54343893		
7998	89493368	63	
7999	16898077		
8000	52286175	63	
8001	88671720		
8002	15175429	63	
8003	41160533	123	
8004	88559132	2066	
8005	14943837		
8006	40348946	1017	
8007	77336644	1045,104f	
8008	13821299		
8009	40225398		
8010	76614003		
8011	2009101	33	
8012	49003716	33	
8013	75498415	33	
8014	2986553	123	
8015	48381268	26	
8016	75775867	26	
8017	1764972	104f	
8018	37169670	104f	
8019	14553285	104f	
8020	40048324		
8021	77036039		
8022	3431737		
8023	49826746		
8024	76214441		
8025	2619149	1019	
8026	39703254	5b	
8027	75198893		
8028	1596508		
8029	38981606		
8030	74976215		
8031	1474910		
8032	37869028		
8033	63253763	c	
8034	652362	c	
8035	32646477		
8036	69031175	33	
8037	95526884		
8038	31924889		
8039	68319538		
8040	94303232		
8041	21702241		
8042	67196946		
8043	94681654		
8044	20686759	26	
8045	56074358	26	
8046	93469007		
8047	29863101	1c5	
8048	56252810		
8049	92346415		
8050	28741524		
8051	55136228	1019	
8052	81524977		
8053	28529976		
8054	54913680		
8055	80402389		
8056	17896384		
8057	53291093		
8058	80280737		
8059	16674846		
8060	42079445		
8061	89563150		
8062	15552258		
8063	42956963	45	
8064	88341502		
8065	14730606		
8066	41234315		
8067	77229910	26	
8068	14613029	26	
8069	40012727		
8070	76407432	200	
8071	3891471		
8072	49980185		
8073	76384284	1019	
8074	2779999		
8075	39163598		
8076	75162696		
8077	1557341	123	
8078	38041940		
8079	74440055		
8080	1834753		
8081	37829468		
8082	63223467		
8083	612115	1019	
8084	36107810		
8085	63101919		
8086	99590524	4c	
8087	35984222		
8088	62379337		
8089	98777036		
8090	25862681		
8091	61257789	a3,104f	
8092	97651498	35	
8093	24040093	35	
8094	60434101	35	
8095	97439806	35	
8096	23927545	22	
8097	59312550	22	
8098	36717258	22	
8099	62701967	22	
8100	99150062	2a	
8101	25654671	2a	
8102	61049315	2a,123	
8103	98437424	2a	
8104	24432029	2	
8105	51827737	2	
8106	93211836	2	
8107	20700531	2f	
8108	56704140	2f	
8109	82199284	37	
8110	29587993	37	
8111	55982698	1	
8112	82377606	1	
8113	28465301	3e	
8114	54860010	3e	
8115	81254059	3e	
8116	17649753	3e	
8117	54048462	35	
8118	80032567	22	
8119	16527176	2a	
8120	43925870	2	
8121	89310929	37	
8122	16304628	3008	
8126	41077745	3008	
8129	40854197	3008	
8132	40732515	6e,12a	
8133	76137614		
8134	2525268	6e	
8135	39910367	12a	
8136	75014062		
8137	2403771	c2	
8138	38898779	104f	
8139	65282484		
8140	1287123		
8141	37675138		
8142	64160836	c	
8143	564541		
8144	37953640		
8145	63948258	12	
8146	99342953		
8147	36737092	17,a5	
8150	25614410	8	
8154	51987571	2066	
8155	97385276	2066	
8156	23770284		
8157	50164989		
8158	96553688		
8159	23558733		
8160	59042331		
8161	85431040		
8162	22835145	33	
8163	58820853	33	
8164	85215458	33	
8165	11613567	33	
8166	57108202	26	
8167	84592800	26	
8168	10591919	26	
8169	47985614	51	
8170	83370323		
8171	10875327	1021	
8172	46263076	1021	
8173	72258771	1d	
8174	19642889	1d	
8175	45041488	1d,52	
8176	12435193	1d	
8177	54520292	1d	
8178	80925836	1d	
8179	17313545		
8180	43708640		
8181	80102359		
8182	16191953		
8183	42685062		
8184	79080761		
8185	15475415	c	
8186	42463414		
8187	78868119		
8188	4252828		
8189	41741922		
8190	77135531		
8191	4130270		
8192	40529384		
8193	76913983	33	
8195	39402797		
8196	76891401		
8197	2295440		
8198	38680149		
8199	65079854		
8200	1073952		
8201	38568567		
8202	64952266		
8203	91351370		
8204	37745919	43	
8205	63730624		
8206	90239723	26	
8207	36623431	1d	
8208	63018036		
8209	99002135		
8210	25401880		
8211	62896588		
8212	98380593		
8213	25789292	11d	
8214	51773900		
8215	97168905		
8216	24566654		
8217	50951359		
8218	87046457		
8219	23440062		
8220	59839761		
8221	86223870		
8222	22628574		
8223	59616123		
8224	85101228	26	
8225	11596936		
8226	58990631		
8227	84389640		
8228	11373345		
8229	47778083		
8230	83266092		
8231	10651797		
8232	46656406		
8233	73040500	35	
8234	19439119	35	
8235	46833854	35	
8236	72328962	35	
8237	8316661	35	
8238	45711266	22	
8239	71106375	22	
8240	8594079	22	
8241	44689688	22	
8242	70083723	2a	
8243	7478431	2a	
8244	33866130	2a	
8245	70261145	2a	
8246	6256844	1002	
8247	32744558	1002	
8248	65149697	1002	
8249	1533292	1002	
8250	38528901	2f	
8251	64926005	2f	
8252	90311614	2f	
8253	37806313	2f	
8254	3204467	3e	
8255	30299166	3e	
8256	76683171	3e	
8257	2088870	3e	
8258	39477584	35	
8259	65961683	22	
8260	2956282	2a	
8261	38354937	1002	
8262	65749035	2f	
8263	91133740		
8264	37132349	f	
8265	64627453	f	
8266	90011152	f	
8267	27416701		
8268	63804806		
8269	99899504		
8270	26293219		
8271	62782218		
8272	99177923	b,45	
8273	25171661	b	
8274	51566770	b,52	
8275	98954375	b	
8276	24449083		
8280	50621530		
8281	86016245		
8282	13504844	b0	
8283	59509952		
8286	58787301	ef	
8287	85771019	ef	
8288	11260714	ef	
8289	47664723	ef	
8292	47432275		
8293	73837870		
8294	10321588		
8295	46710683	33	
8296	72714392	33	
8297	9109991	33	
8298	45593005	26	
8299	72992744		
8300	8487449		
8301	34471458	31	
8302	71870152	31	
8303	7264861	b	
8304	34659866		
8305	70054514		
8306	6142213		
8307	33537328	1021	
8308	69931927	1021	
8309	6320631	1d	
8310	32314730	1d	
8311	68809475	1d	
8312	95204084	1d	
8313	31692182	1d	
8314	68087897		
8315	94081496		
8316	20470500		
8317	67964209	cd	
8318	93369354	96	
8319	20358953	1ae	
8320	62742651		
8321	98147766		
8322	25531465		
8323	51020079		
8324	98024118	148	
8325	24419823		
8326	51808422	300d	
8327	87292536	300d	
8328	23297235	2c	
8329	50781944		
8330	86170989		
8331	13574687		
8332	59969392	45	
8333	25958491		
8334	52352005	b0,300d	
8335	98847704		
8336	25231813		
8337	51630558		
8338	87624166		
8339	24019261		
8340	50418970		
8341	87902575		
8342	13997673		
8343	59385322		
8344	86780027		
8345	12174035		
8346	49669730		
8347	85668449		
8348	11052544	d	
8349	48447192		
8350	74845897		
8351	11830996		
8352	47325505		
8353	73729209		
8354	10118318		
8355	46502013		
8356	73507661		
8357	9995766		
8358	46480475		
8359	72885174		
8360	8279188		
8361	35268887		
8362	71652522		
8363	8057630		
8364	34545235		
8365	60530944		
8366	7935043		
8367	33323657		
8368	60718396	2c,200	
8369	6112401		
8370	32207100		
8371	69695704		
8372	95090813	1d	
8373	32485518		
8374	68473226		
8375	94878265		
8376	21362970		
8377	67757079		
8378	94145683	123	
8379	20140382		
8380	56535497		
8381	93023136	ef	
8384	92807548	ef	
8386	55690251	ef	
8388	28183605	29	
8389	54578613	29	
8390	81962318	29	
8391	13361027	29	
8392	59755122	29	
8393	86840720	35	
8394	12235475	35	
8395	49633574	35	
8396	85028288	22	
8397	11012887	22	
8398	48411996	22	
8399	84905691	2a	
8400	11390349	2a	
8401	47795344	2a	
8402	73783043	1002	
8403	10178757	1002	
8404	46572756	1002	
8405	73061465	2f	
8406	9056100	2f	
8407	45450218	1	
8408	72845813	1	
8409	8233522	1	
8410	35638627	3e	
8411	11722335	3e	
8412	47111934	3e	
8413	74506079	3e	
8414	900787	29	
8415	47395382	35	
8416	73483491	1002	
8417	9888196	1	
8418	46272804		
8420	9666558		
8421	35050257	93	
8422	72549351		
8425	61322713		
8427	34116027	29	
8428	60600126	93	
8429	96699830		
8430	33093439	93	
8431	69488544		
8432	96872283		
8433	32271987		
8434	68366996		
8435	95750695		
8436	21159309	3f	
8437	68543408	a3	
8438	94538053	2066	
8439	20932152	1017	
8440	57421866		
8441	93816465		
8442	20210570		
8443	56209279	b	
8444	82693917	31	
8445	29088922	31	
8446	55586621	31	
8447	82971335	31	
8448	28966434		
8449	54360049		
8450	81759748		
8451	17243896		
8452	54248491	110	
8453	80637190		
8454	17021204		
8455	43426903	3c	
8456	89810518	3c	
8457	16909657	3c	
8458	42303365	3c	
8459	79798060	1021	
8460	15187079	1021	
8461	41181774	1021	
8462	74576482	1d	
8463	10060427	1d	
8464	47459126		
8465	73853830	12a	
8466	9848939		
8467	46237548		
8468	72631243		
8469	9126351	12	
8470	35514096		
8471	71519605		
8472	8903700	6d	
8473	34358408	6d	
8474	61757117		
8475	7841112	3f	
8476	33236860	33	
8477	60634565	3c	
8478	96029574		
8479	33413279		
8480	69408987		
8481	96907086	21	
8482	32391631		
8483	68786330		
8484	95784434		
8485	21179143	3c	
8486	68663748		
8487	94068856		
8488	20457551		
8489	57441100		
8490	33846209		
8491	60234913		
8492	96729612		
8493	22123627		
8494	69112325	3a	
8495	95507060		
8496	22991179		
8497	68396778		
8498	94484482		
8499	21879581	17	
8500	57274196		
8501	94662235		
8502	20057949		
8503	56051648		
8504	83546647		
8505	29934351		
8506	56339050	1021	
8507	82324105		
8508	18712704	b	
8509	55117418		
8510	81601517	200	
8511	18096222		
8512	54094821	3a	
8513	81489939		
8514	17874674		
8515	43262273		
8516	80367387	1d	
8517	16751086	3e	
8518	43140791	3e	
8519	79544790		
8520	15939448	3e	
8521	42024143	300d	
8522	78422252	300d	
8523	5817857	1d	
8524	41201555	1d,123	
8525	77600660		
8526	4694209		
8527	40189917	2c	
8528	77584012		
8529	3972721		
8530	39967326		
8535	7634581		
8536	34022290	52	
8537	60417395	9	
8538	97811903		
8539	33900648		
8543	69572169	3008	
8545	22061412	3008	
8546	68450517	2002	
8547	94845226	35	
8548	21249921	29	
8549	57238939	2002	
8550	94622638	2002	
8551	20127343	a5,2002	
8552	56511382	2002	
8553	83500096	2002	
8554	29905795	35	
8555	56399890	35	
8556	82888408	35	
8557	18282103	35	
8558	55277252	35	
8559	81661951	29	
8560	18060565	29	
8561	54455664	29	
8562	80549379	29	
8563	17948378	22	
8564	43332022	22	
8565	80727721	22	
8566	16111820	22	
8567	42110434	2a	
8568	19605133	2a	
8569	55099248	2a	
8570	82498947	2f	
8571	18482591	2f	
8572	44877690	2f	
8573	81275309	2f	
8574	17760003	2002	
8575	44155002	35	
8576	80159717	29	
8577	17548456	22	
8578	43932460	2a	
8579	79337169	2066	
8580	16825874		
8581	42810973	43	
8582	79205581		
8583	5609226		
8584	41098335		
8585	78082039		
8586	4587638		
8587	31975743		
8592	3642509	3008	
8593	39037517	1d	
8594	65026212	1d	
8595	2420921	38	
8596	38815069	38	
8597	65303664		
8598	91798373		
8599	37792478	1ae	
8600	64187086	1021	
8601	90576781	3c	
8602	27970830		
8603	63465535		
8604	95453143		
8605	22858242		
8606	58242947	43	
8607	95637655	2066	
8608	21636650		
8609	58120309		
8612	57308711		
8613	83392426		
8614	20797524		
8615	56286179	1017	
8616	82670878		
8617	19665973		
8618	55063681		
8619	82458280	89	
8620	18842395		
8621	44341034		
8622	81336148		
8623	17720747	123	
8624	44125452		
8625	80513550		
8626	16008155	3c	
8627	43002864	3c	
8628	79491903	3c	
8629	16886617	3c	
8630	42280216		
8631	78275321		
8632	5763020		
8633	41158734		
8634	78552773		
8635	4941482		
8636	30936186	1d	
8637	77330185	300d	
8638	3825890	2e	
8639	30213599	2e	
8640	76218643	148	
8641	3603242		
8642	39091951		
8643	65496056		
8644	2980764		
8645	38975369		
8646	5373478	1093	
8647	31768112		
8648	77153811	6d	
8649	4141820	6d	
8650	30646525		
8651	67030233	3f	
8652	3429238	2066	
8653	39823987		
8654	66818682		
8655	2203790	300d	
8656	39701395		
8657	65196094		
8658	91580102	3c	
8659	38589847		
8660	64973456		
8661	91468551		
8662	27863269		
8663	63851864		
8664	90246973		
8665	26640671		
8666	53039326		
8667	99523325	2e	
8668	25518020		
8669	52913738		
8670	88301833		
8671	25796442		
8672	51790181		
8673	88289295	17	
8674	24673894	a5	
8675	50078509		
8676	83467607		
8677	19451302		
8678	56856951		
8679	82340056		
8680	18739764		
8681	45133463		
8682	81128478		
8683	18517177		
8684	44901281	d,89	
8685	70406920		
8686	17490535	c	
8687	43889633		
8688	70284332		
8689	16678947		
8690	42167046		
8691	79161790		
8692	5556499	36	
8693	42940404	36	
8694	78349103	36	
8695	4334811	24	
8696	31828916	36	
8698	4611269		
8700	66094973		
8702	39984786		
8703	66378485	2c	
8704	2377034	2c	
8705	39761138	2c	
8706	65156847	2c	
8707	91554542	2c	
8708	38049541	2002	
8709	64034255	2002	
8710	91438994	2002	
8711	27827903	2002	
8712	63211608	2002	
8713	90616316	35	
8714	26704411	35	
8715	53199020	35	
8716	99594764	29	
8717	25988873	29	
8718	52977572	29	
8719	88361177	29	
8720	25866285	2a	
8721	51254980	2a	
8722	87649699	2a	
8723	24644634	2a	
8724	50032342	2f	
8725	27527047	2f	
8726	53921056	2f	
8727	99916754	2a	
8728	26304459	2c	
8729	52709508	2002	
8730	89194103	35	
8731	25682811	29	
8732	52687916	2f	
8733	88071625		
8734	14466224		
8735	51855378	43	
8736	87259077	2066	
8737	14344682		
8738	50732780		
8739	86137485		
8740	13521194		
8742	86915847		
8745	75292259		
8746	11287364		
8753	42737833	300d	
8754	78121572		
8755	5220687	78	
8756	31615285		
8757	78009994		
8758	4404099		
8759	30492798	6d	
8760	67987302	21	
8761	3381441	2e	
8762	30770156		
8763	66165755	2002	
8764	93169863		
8770	91215724	43	
8772	64104037		
8775	53981499	2066	
8776	99370594		
8777	26775203	33	
8778	52869807	33	
8779	89258906	33	
8780	25652655	a5,1017	
8781	51047350		
8782	88032368		
8783	14430063	45	
8784	51925772		
8785	87319876	52	
8786	13708425	57	
8787	50702124	17	
8788	86197239	b	
8789	13582837	b	
8790	49080532	b	
8791	85475641	b	
8792	12469386	123	
8793	48868994	26	
8794	75252099		
8795	11747708		
8796	48742406		
8797	74130411		
8798	525110	5b	
8799	47929865		
8800	73318863	bf	
8801	402568	e	
8802	46897277	e	
8803	12296376	e	
8804	49680980	1d	
8805	75675029		
8806	12079734		
8807	48568432		
8808	74952447		
8809	1357146		
8810	47346845	28	
8811	74730899	28	
8812	135598		
8813	36629203	1	
8814	73018302		
8815	9012916		
8816	36407615	45,cf	
8817	72896720	b	
8818	4290468	123	
8819	31385077	cf	
8820	67779172		
8821	4168871		
8822	30562585		
8823	66957584	b	
8824	93946239	c5	
8825	39440937		
8826	66835946		
8827	92223641		
8828	29228350		
8829	65612454	e	
8830	91107093		
8831	28506708	3e	
8832	64990807	2f	
8833	91985515	1d	
8834	27383110		
8835	53778229		
8836	90263923		
8837	26257572		
8838	53656677		
8839	89040386	33	
8840	25435080	33	
8841	52833089		
8842	88928798		
8843	15313433	b	
8844	51717541	b	
8845	87106146		
8846	14550855	b	
8847	40555959		
8848	87043568		
8849	13438207		
8850	49833312	26	
8851	86821010		
8852	12216615	1d	
8853	49600724		
8854	75105429	17	
8855	11593137	89,cf	
8856	48588176		
8857	74983881		
8858	1371589	67	
8859	47766694		
8860	74860293	43	
8861	255998	2066	
8862	36643046	1017	
8863	73048641		
8864	9433350	23,dd	
8865	36521459	23,a3	
8866	72926163	9,3008	
8867	8310162	23	
8868	35705817	46	
8869	61103515		
8870	8198620		
8872	60071928		
8873	97476032		
8877	22748199		
8878	69133798		
8881	8910240	123	
8885	34293667	2f	
8886	60681372		
8889	65569724		
8891	28348537		
8892	55343236	23,3b	
8893	91731841	1047	
8894	27126980	1047	
8895	54620698	1047	
8896	90019393	1047	
8897	27004302	47	
8898	53408006	47	
8899	89893715	39	
8900	26381750		
8901	52786469	39,2066	
8902	89770167		
8903	15169262	39	
8904	51554871		
8905	88958576	39	
8906	14047624	39	
8907	41431329	30	
8908	87836938	30	
8909	13220032	30	
8910	40619741	30	
8911	76614340	1047	
8912	13108445	cd,1047	
8913	49597193	1047	
8914	75991898	39	
8915	12986807	39	
8916	48370501	30	
8917	75779210	30	
8918	1264319	46,1047	
8919	47658964		
8920	74657662	30	
8921	41777	47	
8922	37436476		
8927	9107531		
8930	8085950		
8931	34479658		
8932	61864793		
8933	97268402		
8934	34257001	2066	
8935	60741115		
8936	96146814	a5	
8937	23535429	52	
8938	69529567		
8939	96914272		
8940	22318971		
8941	58807980		
8942	95291684		
8943	21296383		
8944	58685438		
8945	94079037		
8946	20474741	2066	
8947	57568840		
8948	83957459		
8949	20351153		
8950	56746202	24	
8951	83135907	24,ac	
8952	19139516	24	
8953	55624610	24	
8954	82012319	24	
8955	18407024	e	
8956	45801022	e	
8957	81896771	e	
8958	17285476	2a	
8959	44789585	2a	
8960	20174189	2a	
8961	53162898	4	
8962	89567993	4	
8963	15951532	4	
8964	52346240		
8965	88845345		
8966	15839054	17	
8967	41224658		
8968	87622767		
8969	14017402		
8970	40101111		
8971	77506119		
8972	13995824		
8973	49389523		
8974	76774528	24	
8975	2772236	e	
8976	49267971		
8977	75652080		
8978	1050684	24	
8979	48445393	24	
8980	74439492	24	
8981	1834107	e	
8982	37322745	2a	
8983	74717840		
8984	712559	4	
8985	36100154	4	
8986	63595262		
8987	9999961		
8988	36484016	17,46	
8989	62472614		
8990	98867329		
8991	35262428		
8992	61650133		
8993	98645731		
8994	34149830	a5	
8995	60534585		
8996	97922283		
8997	23327298		
8998	60312997		
8999	96700602		
9000	22205600		
9001	59699355	24,200	
9002	95084054	e	
9003	22082163	4	
9004	58477767		
9005	84962466		
9006	21350571	1b	
9007	57355219	46	
9008	84749824		
9009	20138923		
9010	56532632		
9011	83027236		
9012	19012345		
9013	56410040	43	
9015	19299793		
9016	45298492	2066	
9017	81782101		
9022	43359262		
9030	5998840	300d	
9031	31383545	300d	
9032	73787254	d	
9033	176392	1d	
9034	36560997		
9035	63665606		
9036	9059700	b	
9037	35448319		
9038	2843014	78	
9039	38837163		
9040	75326861		
9041	1710476	23,93	
9042	37115575	23	
9043	74509280	23	
9044	598988	23	
9045	37993923	43	
9046	63487632	29	
9047	876330	29	
9048	36870345	29	
9049	62265044		
9050	99659159		
9051	35058857		
9055	61320914	5008	
9057	24103628		
9059	96693371	5008	
9060	23087070	123	
9062	96470883	123	
9063	22865492	5008	
9066	21143940	a5	
9067	58147549	a008	
9068	84536654	a5	
9069	10920352	a008	
9070	57425061	46	
9071	83414006	5008	
9072	10808715	a008	
9074	82697428	5008	
9075	19186123		
9076	45170821	5008	
9078	18964575		
9079	45358284		
9080	71353388		
9081	17841097		
9082	44236692		
9083	70630741	2066	
9084	7025445		
9085	43014054		
9086	79418153	45	
9087	6903857		
9088	32391566		
9089	79796561	17	
9090	5780210	57	
9091	31175914		
9092	78564023	33	
9093	4068622	33	
9094	31053337	33	
9095	67441435		
9096	3846170	11	
9097	30230789	11	
9098	66625883	11	
9099	93724592	11,2b	
9100	39118197	11	
9101	65503206	24	
9102	92901944	24	
9103	24996659	e	
9104	61380658	e	
9105	97885363	e	
9106	23274061	e	
9107	60668166	2a	
9108	96653775	2a	
9109	23051413	2a	
9110	59546528	2f	
9111	96930127		
9112	22339232		
9113	58324930		
9114	85718645		
9115	21113684	6e	
9116	58601383		
9117	24696097		
9118	50091196	1017	
9119	97489701		
9120	23874409	11	
9121	50278554	24	
9122	96363153		
9123	22751868	11	
9124	59156966		
9125	85541675	11	
9126	22539270	24	
9127	58924378	e	
9128	84428023	e	
9129	11813722		
9130	57201737		
9131	84206435	2f	
9132	10691144	2f	
9133	46089249		
9134	83584898		
9135	19578592		
9136	46967601		
9137	82361206		
9138	18756904		
9139	45141013		
9140	71249758		
9141	18634367		
9142	44028461		
9143	71417170		
9144	7811875		
9145	43906884	33	
9146	70391588		
9147	6799227	200	
9148	33184236	11	
9149	79178930	11	
9150	5577649	24	
9151	32061744	e	
9152	68456353		
9153	5851097		
9154	31849106		
9155	67234805		
9156	4638410		
9157	30127518		
9158	67111213	3a,75	
9159	93506862	3a	
9160	39905966	3a	
9161	66399675	3a	
9162	92784374	3a	
9163	29888389	3a	
9164	65277087	10	
9165	91662792	10	
9166	28066831	10	
9167	54455435	10	
9168	91449144	10	
9169	27944249	10	
9170	54338958	100a	
9171	90727556	100a	
9172	26722601	100a	
9173	53116300	100a	
9174	85505315	100a	
9175	22009013	100a	
9176	58494728	100a	
9177	84488827	100a	
9178	11877465	3a	
9179	57272170	3a	
9180	84766279	10	
9181	10755984	10	
9182	46159582	3a,18f	
9183	83544697	10	
9184	19932396	65	
9185	46337945	18f	
9186	82422049	10	
9187	18816758	65	
9188	45215453	30	
9190	18094166	5008	
9194	43366227	2066	
9195	10365322		
9196	46759931	5008	
9197	72144675		
9198	19642774	1017	
9199	45037489		
9200	72022087		
9201	18426196	107a	
9202	45815891	24,45	
9203	71209500	4	
9204	7304544	2a	
9205	44792253		
9206	70187958		
9207	7582066		
9208	33970665		
9209	79965360	4	
9210	6459419	4	
9211	32854013		
9212	69243722	1047	
9213	5237827	30	
9214	31632536	39	
9215	68120130	43	
9216	94515289		
9217	31919988		
9218	67904682		
9219	93353691		
9220	30757396		
9228	91392974		
9229	27780618	5008	
9230	54185227	5008	
9232	27564031	23	
9233	53063039	23	
9234	80457744	2066	
9235	26842483		
9236	52840598	1017	
9237	89235196	2066	
9238	15629801		
9239	52128900	17	
9240	88513608		
9241	14507213	17	
9242	41902352	33	
9243	87390067	33	
9244	14785765	33	
9245	40279770		
9246	72278479		
9251	44935634		
9255	70117791		
9256	6602300		
9264	68140974	3013	
9265	4545683	3013	
9266	31930787	3013	
9267	67328336	13	
9270	66206748	a008	
9271	93600443	a5	
9272	29095552	a008	
9274	32588805		
9277	31766317	45	
9278	67750322		
9279	94145021		
9280	20630765		
9281	67038874	24	
9282	93023479	2e	
9283	29417188		
9284	66816282	1d	
9285	92300891	11,17	
9286	29795530		
9287	55794644	171	
9288	91188343	44	
9289	28573958	44	
9290	54977057		
9291	81066751		
9292	27450400	f2	
9293	53855409	2066	
9294	80244114	a3	
9295	16638212		
9296	53623827		
9297	89127526	57	
9298	16516630	33	
9299	52900379	33	
9300	88305978	33	
9301	15394083	6042	
9302	41788781	6042	
9303	88283496	6042	
9304	14677495	6042	
9305	40666140	a042	
9306	77060848	a042	
9307	13455953	a042	
9308	40844552	3042	
9309	76348260	3042	
9310	2333365	42	
9311	49721904	3d	
9312	75116619	3d	
9313	2511717	3d	
9314	48505422	3d	
9315	74094021	3d	
9316	1498130	3d	
9317	33883834	20	
9318	70271583	11	
9319	6276588	11,2b	
9320	32761286	24,3e	
9321	69155991	24,1ae	
9322	5554990	e	
9323	32548609	e	
9324	68933343	6066	
9325	94331452	6066	
9326	31826057	6066	
9327	67211766		
9328	94215860		
9329	30604579	4b	
9330	67098114	4b	
9331	93483212	4b	
9332	29981921	3d	
9333	66976526	11	
9334	92361635	24	
9335	29765339	e	
9336	55154048	5042	
9337	91148083		
9338	28643791		
9339	54031490	20	
9340	81426505	1b1	
9341	27821104	3d	
9342	53819808		
9343	80204957	11	
9344	16708652	11	
9345	53193261	e	
9346	89181369		
9347	15576074	57	
9348	52971673		
9349	88369727		
9350	15854426	37	
9351	41858121	30	
9352	27243130	11d	
9353	54631834		
9354	80036543		
9355	17521642		
9356	53519297		
9357	89914395		
9358	16308000		
9359	42793609	5042	
9360	89792713	5042	
9361	15286412	5042	
9362	42671151		
9363	88069166		
9364	14464864		
9365	41458579		
9366	77847678	20	
9367	14342283		
9368	40736921		
9369	76721030		
9370	3129635		
9371	49514333		
9372	76908448	1047	
9373	2407147	39	
9374	38492752	39	
9375	75886890	30	
9376	1281505	30	
9377	38679204	30	
9378	74064212	30	
9379	168917	30	
9380	37557626	3a	
9381	63942761	3a	
9382	336369	10	
9383	36331074	10	
9384	62729173	100a	
9385	99214782	100a	
9386	35618486	100a	
9387	62007535	100a	
9388	94092230	100a	
9389	21496848	3a	
9390	67985943	1047	
9391	93379652	1047	
9392	20374351	39	
9393	56768355	30	
9394	93157004	30	
9395	29552709	10	
9396	55046718	30	
9397	92035412	30	
9398	28429121	3a	
9399	55824220	46	
9400	81218874	65	
9401	27207573	65	
9402	54702678	16	
9403	80196387	123	
9406	89974735		
9409	89252157		
9412	88039509	16	
9416	13302026		
9420	49674183	123	
9430	3912064		
9434	39284521	36	
9435	75673220		
9436	2067935	1019	
9437	38562933	33	
9438	64550682	24	
9439	1945387	3008	
9440	37349495	2a	
9441	64734090	47	
9442	123709	39	
9443	36227804	3a	
9444	63612442	100d	
9445	99000151		
9446	36405256		
9447	62499965		
9448	98884569	1123	
9449	25373678		
9450	61777313	3042	
9451	98162021	20	
9452	24150026	11	
9453	51555725	24	
9454	97940434	cf	
9455	23434538		
9456	50433147	42	
9457	86827882	5042	
9458	23212990	1b1	
9459	55610595	33	
9460	81105204	33	
9461	28190303	33	
9462	54594017	33	
9463	81983656	33	
9464	17377751	33	
9467	16255173		
9470	15033525		
9471	42427230		
9472	78922939	43	
9473	15310033	1017	
9474	41705642	2066	
9475	77700347		
9476	14198496		
9477	40583194	57	
9478	77087109	57	
9479	3072808	33	
9480	49460512	33	
9481	76865611	26	
9482	2250266	26	
9483	39648965	6013	
9484	75733063	6013	
9485	2137678	6013	
9486	38522377	9013	
9487	64910482	27,93	
9488	1315120	27	
9489	37300735	27	
9490	64898834	27	
9491	293542	27	
9492	36687247	27	
9493	63676256		
9494	99070951		
9495	36565699		
9496	62950604		
9497	98358303		
9498	25343017		
9499	61737116	3d	
9500	98126725	20	
9501	24621460	11	
9502	50615578	11,2b	
9503	97000273	24	
9504	23408872		
9505	50893987	1019	
9506	96287685		
9507	22386234		
9508	59771339	43	
9509	25165047		
9510	62560742	27	
9511	98558751	27	
9512	24943456	27	
9513	51447164	27	
9514	97836203	27	
9515	24221808	45	
9516	50215517		
9517	87614611		
9518	23008320	57	
9519	59593925		
9520	86997073		
9521	12986778	3013	
9522	59371387	6013	
9523	85775486		
9524	11264180		
9525	58258899		
9526	84653834		
9527	11047543		
9528	47436247	20	
9529	83831356	11	
9530	10925955	18f	
9531	42314669		
9532	79718768		
9533	15103313		
9534	41197012		
9535	78586116		
9536	4081825	cf	
9537	41475424		
9538	77864539	13	
9539	3868277		
9540	40253382		
9541	76641981		
9542	3146695		
9543	39531794		
9544	75525309		
9545	2924048	11	
9546	38318146		
9547	65703851		
9548	1802450		
9549	38296564		
9550	64681263		
9551	90075978		
9552	37474917	2066	
9553	63468625	9013	
9554	90953320	27	
9555	36352429	8e	
9559	62624486	a008	
9561	24413299		
9562	51402908		
9563	97896503	8f	
9564	24291651		
9565	50785356	2066	
9566	86174055		
9567	23168060		
9568	59563768		
9569	86952477		
9570	22346472		
9571	58441120		
9572	85839825	73	
9573	11224934		
9574	58628539	73	
9575	84013237	48,107f	
9576	10002346		
9577	47506081		
9578	83991690		
9579	10389794		
9580	46384403	78	
9581	73778008		
9582	19163116	1047	
9583	45662855	1047	
9584	72056560	1047	
9585	8041569	39	
9586	45439263	39	
9587	11834972	39	
9588	47228077	30	
9589	84313685	30	
9590	10712320	30	
9591	47106439	3a	
9592	73551138	3a	
9593	19959742	3a	
9594	46044841	10	
9595	72439556	10	
9596	9837195	10	
9597	45222299	3a	
9598	71616908	1047	
9599	8611007	39	
9600	34109611	10	
9601	71594310	1047	
9602	3989465	39	
9603	39987164	30	
9604	76372778	3a	
9605	2766877	10	
9606	39261576	46	
9607	65659181	30	
9608	1644289	30	
9609	38049934		
9610	64437633	18f	
9611	91822647	10	
9612	37926346	100a	
9618	26082117	54	
9619	62476815	59	
9620	98865920		
9621	25259669	ac	
9622	51254277		
9623	98649372		
9624	24137081		
9625	50532786		
9626	87526784		
9627	23915499		
9628	50319138		
9629	86804246		
9630	12299841	58	
9631	59297550	58	
9632	85682655	58	
9633	12076263	58	
9634	58475908	58	
9635	84569017		
9636	11954712		
9637	47349310		
9638	84747429		
9639	10132124		
9640	47126872		
9641	73625877		
9642	19019586	47	
9643	46404281	39	
9644	72403299	3a	
9645	9897998	10	
9646	45282603		
9647	71786742	1072	
9648	8175346		
9649	34160055		
9650	71564150	6d	
9651	7953868		
9652	33347467		
9653	70832512		
9654	6836211	5a	
9655	33225925		
9656	69610924	48	
9657	5014629	1ae	
9658	32003338	48	
9659	68597372	58	
9660	95992081		
9661	31386180		
9662	67775894		
9663	94770493		
9664	20264508		
9665	7653207	1bb	
9666	33057951		
9667	69042950		
9668	6430659		
9669	32835363		
9670	69320362	58	
9671	95714077	58	
9672	32703716		
9673	64107820		
9674	90592429	30	
9675	27980138		
9676	63485233	a5	
9677	90470931		
9678	26864586		
9679	52263685	ac	
9680	99657399		
9681	25642998		
9682	52140003		
9683	98535702		
9684	24920410		
9685	51324455		
9686	87313164		
9687	24707869		
9688	50292967		
9689	86690572		
9690	13685271		
9691	59070329		
9692	86474024		
9693	12863633		
9694	48357738		
9695	85352446		
9696	11741041		
9697	48135190		
9698	74530899	4a	
9699	10028593		
9700	47013502		
9701	73417207	a042	
9702	10802915		
9703	46291010		
9704	73285669	1019	
9705	9780364	19	
9706	45178472		
9707	72563071		
9708	8967776	4a	
9709	35952884		
9710	71341529	b	
9711	7845138		
9712	34230233	6	
9713	60228941	6	
9714	7623640	6	
9715	33017655	6	
9716	69402394		
9717	6901008		
9718	32995007		
9719	69380702		
9720	95788410		
9721	31173519		
9722	68167124		
9723	94656263		
9724	21051977		
9725	67445676		
9726	93830681		
9727	20838380	1ae	
9728	56223084		
9729	93717133	55,107b	
9730	29116732		
9731	55501446		
9732	92595545		
9733	28990150	55	
9734	55488859	304e	
9735	81873903	304e	
9736	28877602	304e	
9737	54266211	604e	
9738	80651316	604e	
9739	17045014	604e	
9740	53540729	58,2066	
9741	80538728	58	
9742	16923472	58	
9743	42328171	58	
9744	25716180	58	
9745	51701885		
9746	88205593	e	
9747	24694698	2a	
9748	50088247	2f	
9749	87483942	2b	
9750	13478040		
9751	50866755		
9752	86361354		
9753	12755462	ac	
9754	49144107		
9755	85138716		
9756	12533811		
9757	48928529	48,7b	
9758	74416224		
9759	11411223	48	
9760	47805931	48	
9761	74294676	504e	
9762	698785		
9763	46083380		
9764	73178098		
9765	9576193		
9766	46961802		
9767	72355441	73	
9768	9354555	55	
9769	35848254	55	
9770	71233859	55	
9771	8632967		
9772	34026662		
9773	61011311		
9774	7405310		
9775	33904024		
9776	60398723		
9777	96383838		
9778	33782437		
9779	69176131		
9780	95561280		
9781	32065885		
9782	68054593		
9783	95448692		
9784	21843307		
9785	67232306		
9786	94626050		
9787	20721759		
9788	57115864		
9789	93504463		
9790	29999161		
9791	56993276	e	
9792	82382815		
9793	29876529		
9794	55271628		
9795	81665333		
9796	28654932	4c	
9797	54059040		
9798	81443745		
9799	17932494	2066	
9800	54936498		
9801	80321197		
9802	16719802		
9803	43114901	1047	
9804	89609515	39	
9805	16693254	3a	
9806	42082363	10	
9807	78486968	53	
9808	15871676	53	
9809	41269771	53	
9810	78364470	53	
9811	14759024	53	
9812	40143123	53	
9813	77542832	a	
9814	3536537	a	
9815	40921545	a	
9816	72429240	a	
9817	8814959	a	
9818	35209994	a	
9819	71203602	3a	
9820	8692301	1047	
9821	34086406	39	
9822	581014	10	
9823	47579719	53	
9824	73964868	53	
9825	359563	a	
9826	36757171	a	
9827	72142276		
9828	9236985	3a	
9829	35631584	53	
9830	72029628	46	
9831	8414337	10	
9832	35419032	65	
9833	61807040		
9834	7392745		
9835	34796454		
9836	60181553		
9837	97170107		
9838	33574806	3008	
9839	69069911		
9840	96457619	73	
9841	22842214		
9842	69846323		
9843	95231062		
9844	21620076		
9845	68124775		
9846	94119480		
9847	21507589		
9848	57902193		
9849	93396832		
9852	83274244	82,2066	
9853	29669359	48	
9854	55067058	48	
9855	82052602	54	
9856	18446701	54	
9857	55935416	48	
9858	81330115	48	
9859	18724123	b	
9860	54719828	48	
9861	80117527	48	
9862	17502671	b	
9863	43096270		
9864	80495985	55	
9865	16480084	604e	
9866	42874792	58	
9867	79279397		
9868	15667446	6	
9869	42752141	504e	
9870	78156759	58	
9871	4545854	73	
9872	41930553		
9873	77334267	58	
9874	4423206	100d	
9875	40817915		
9876	76202610		
9877	3606728	54	
9878	39695323	59	
9879	76080032	107e	
9880	2584136		
9881	38973775	55	
9882	65367484	55	
9883	1362589	55	
9884	38757297	55	
9885	64145892	55	
9886	90640901		
9887	33034646	2b	
9888	69023354	2b	
9889	96427353	2b,cd	
9890	22812068	2b	
9891	69207766	56	
9892	95395761	56	
9893	21790410	56	
9894	68184115	56	
9895	94573223	56	
9896	21977828	56	
9897	57962537	58	
9898	93451636	58	
9899	20855340	304e	
9900	56240989	304e	
9901	23234094	604e	
9902	69633792	604e	
9903	95027497	2b	
9904	22512406	2b	
9905	58911105	2b	
9906	95905259		
9907	21390858	10c0	
9908	57784563		
9909	94283662	45	
9910	20277376		
9911	57662975		
9912	83061014		
9913	29455728	55	
9914	56840427	cf,107f,5048	
9915	82944432	2b	
9916	19333131	2b,48	
9917	55727845	48	
9918	81122844	58	
9919	18511599	504e	
9920	44505297	56	
9921	81000306		
9922	17494901	54	
9923	44883600		
9924	80887714	7b	
9925	16272453	61	
9926	43661068		
9927	79155167		
9928	16550875	56	
9929	42548470		
9930	78933589		
9931	5338223		
9932	41722932		
9933	78811937		
9934	4215636	37	
9935	30600344	73	
9936	77098449	7b	
9937	3493058		
9938	30488793		
9939	76972801	54	
9940	2371506	73	
9941	39765115		
9942	65150219	61	
9943	2148918	61	
9944	38643567	56	
9945	64038662		
9946	91422370		
9947	37421075		
9948	64815084		
9949	90200789	61	
9950	26708437	73	
9951	63193536		
9952	99188141		
9953	26586849		
9954	52971944		
9955	99365553		
9956	25460258		
9957	51858306		
9958	94243005	cf	
9959	20638610		
9960	57036718	8f	
9961	83021423		
9962	29515122		
9963	56910167		
9964	82308875	48	
9965	19353570		
9966	55758589	55	
9967	81146288		
9968	18631392		
9969	44035031	2066	
9970	81020646	c5	
9971	17418744	55	
9972	43813459	55	
9973	80208158		
9974	16796157		
9975	43791861		
9976	79185500		
9977	15574615		
9978	42969214		
9979	18063928		
9980	45458027		
9981	81846636	1047	
9982	17241370	3a	
9983	44635489	53	
9984	70624184	53	
9985	17129783	53	
9986	43513897	53	
9987	70908596	53	
9988	16906241	53	
9989	42391240	53	
9990	79785958	a	
9991	5284653	a	
9992	42679662	a	
9993	78663366	a	
9994	4058065	a,1a4	
9995	31456110	a	
9996	77841719	a	
9997	4335427		
9998	30334522	3a	
9999	66729231	3a	
10000	3113836	1047	
10001	39512984	1047	
10002	66506689		
10003	2091298	53	
10004	38495396	53	
10005	65884091	a	
10006	91279700	a	
10007	38273745	a	
10008	64662453		
10009	90156158	53	
10010	27541267	65	
10011	63545861	53	
10012	90934570	65	
10013	26329679	53	
10014	52823314		
10015	99212922	2b	
10016	25206027		
10017	52601736	56	
10018	88095331	304e	
10019	25484449	58,1ae	
10020	51589188	55	
10021	87973893	56	
10022	24362891		
10023	50766506	61	
10024	87151205	e	
10025	13140300	69	
10026	59644958		
10027	86039057		
10028	12423762	54	
10029	45812361		
10030	81816475		
10031	17201174	1ae	
10032	44790889	6b	
10033	70194827	6b	
10034	17189532	6b	
10035	43573231	6a	
10036	79972330	6a	
10037	16366944		
10038	42851643		
10039	79850798		
10040	5244497		
10041	41639001	69	
10042	78033100	69	
10043	4022819	69	
10044	31516413	69	
10045	77901552	69	
10046	3300267	69	
10047	30794966	69	
10048	66789970	69	
10049	3283679	304e	
10050	39672388	604e	
10051	66066482	56	
10052	2461031	56	
10053	38450736	56	
10054	65844845	56	
10055	91349449		
10056	38737148	1da	
10057	4722253		
10058	30126992		
10059	67511500		
10060	3900605		
10061	30494314		
10062	66499018		
10063	92887027		
10064	39272762	55,107b	
10065	65676461	48,11ae	
10066	92661479	55,6b	
10067	28150174	55	
10068	64554883	48	
10069	91949988		
10070	27337596	69	
10071	64332231	69	
10072	90726340	6d	
10073	26211048	56	
10074	53610653		
10075	99004752		
10076	26099457		
10077	52497105		
10078	89882100		
10079	25377819	69	
10080	51365514	69	
10081	88760522		
10082	14154221		
10083	51549976		
10084	87047074	56	
10085	13032689	73	
10086	50427388		
10087	86825483	53	
10088	13210191		
10089	49204190		
10090	85709845		
10091	12197543		
10092	48582558	6b	
10093	75987257		
10094	11975962	69	
10095	47360060	69	
10096	74854609		
10097	259314	56	
10098	47247413		
10099	73632127		
10100	5037726	14d	
10101	42425831		
10102	78910579	18f	
10103	5914184		
10104	31303283	107d	
10105	77797992	1169	
10106	4192696	2169	
10107	30587695		
10108	67675300		
10109	3070049		
10110	30464153		
10111	66853752	96	
10114	65737274		
10115	92125819	a7,107a	
10116	38520918		
10117	64514622	69	
10118	91903221	304e	
10119	27407330		
10120	64892035		
10121	90887783		
10122	26285788		
10123	53670497	69	
10124	99064191	73	
10125	26563200	6d	
10126	52558805	6d	
10127	88942504	6d	
10128	25341652	6d	
10129	51735257	48	
10130	88120966	48,1083	
10131	14214060		
10132	50613779		
10133	87008374	107e	
10134	13492423	55	
10135	50491121	106f	
10136	26885836	106f	
10137	52370835	106f	
10138	89774530	106f	
10139	25163248	70	
10140	52158283	70	
10141	88552992	70	
10142	15941690	70	
10143	51435705	70	
10144	87430304	70	
10145	14824019	106e	
10146	40213117	6e	
10147	87608852	6e	
10148	13002461	6e	
10149	49191560	6e	
10150	86585274	6e	
10151	12980373	71	
10152	49374988	71	
10153	75363626	71	
10154	11868731	71	
10155	48252330	71	
10156	74641045	71	
10157	1045143	1072	
10158	47030842	72	
10159	73428497	72	
10160	923596	72	
10161	36318200	1169	
10162	73702909		
10163	9791914		
10164	35195612		
10165	72580321		
10166	8078366	77	
10167	35073065		
10168	61468779	113	
10169	7852878		
10170	34251483	ac	
10171	60645181	206f	
10172	93730230	70	
10173	39139935	48,70	
10174	66523544	7b	
10175	92918648	6e	
10176	28912357		
10177	65301952		
10178	91895091		
10179	28290705		
10180	64689404		
10181	90673413	54	
10182	27068117		
10183	53466826	6f	
10184	90951921	70	
10185	26345570	70	
10186	52340274	7b	
10187	89739383	106e	
10188	25123082	106e	
10189	52628687	106e	
10190	88616795	106e	
10191	14001430	71	
10192	51405049		
10193	87890143		
10194	14289852		
10195	40383551		
10196	86778566		
10197	13166204	54	
10198	49551909	6f	
10199	86555018		
10200	12940613	71	
10201	48439321	71	
10202	75833426	71	
10203	11228035	73	
10204	48216773		
10205	74611888		
10206	1005587	4c,c5	
10207	47594192		
10208	73599290		
10209	983995		
10210	36378044		
10211	73776643		
10212	9161357	48,70	
10213	35255456		
10214	12644061		
10215	48049769		
10216	75433814	48,1083	
10217	1828513	20,3d	
10218	47826112	77	
10219	74311226	77	
10220	706925	77	
10221	37104630	77	
10222	73199638	77	
10223	9583383	54	
10224	36088082		
10225	62476197		
10226	9861795		
10227	35866404		
10228	61254509		
10229	8649148		
10230	34143852	106f	
10231	61132951	106f	
10232	97526666		
10233	33911264		
10234	60316373	76	
10235	96704018	76	
10236	23899727	74,75	
10237	69293721	74,75	
10238	96682430	74,75	
10239	22076135	74,75	
10240	58471134	74,75	
10241	95466842	74,75	
10242	21954587	74,75	
10243	54359696	6e	
10244	90743290	6e	
10245	26732909	6e	
10246	53136004	6e	
10247	89521713	71	
10248	26016357	71	
10249	52404456	71	
10250	88409165	75,2066	
10251	15893860		
10252	51282878	96	
10253	88686573	78	
10254	14771222		
10255	40160226		
10256	87564935		
10257	13959634	113	
10258	40343749	80	
10259	76442347	5a	
10260	12836042		
10261	49221191	cf,1048,11ae	
10262	75620895		
10263	12014404	54	
10264	48009503	206f	
10265	74593218	206f	
10266	1992816	48	
10267	47387961	48	
10268	74371660	74,75	
10269	770365	6e	
10270	37164373	71	
10271	73659078		
10272	9053187		
10273	36042825		
10274	62437430		
10275	9831539		
10276	35220244		
10277	61314842	92	
10278	8719957	75	
10280	61592395	106e	
10281	97997309	106e	
10282	33981008	106e	
10283	60470713	71	
10284	96864811	11d	
10285	23269426		
10286	69257165		
10287	95642274		
10288	22047978		
10289	58531587		
10290	95920682	6f	
10291	21924381	6f	
10292	57319935	73	
10293	34707034	75	
10294	60202749	75	
10295	97697447	75	
10296	23681456	71	
10297	60080151		
10298	96474800		
10299	22869904		
10300	59957503		
10301	95352218		
10302	22747316		
10303	58131925	33	
10304	84530620		
10305	21524779		
10306	57019473		
10307	84417082	48	
10308	20802187		
10309	56897896	1017	
10310	83295594	1017	
10311	19680539	107a	
10312	56174248	6e	
10313	82579942		
10314	14568951	2b	
10315	41952656		
10316	87347365		
10317	14745409	207a	
10318	40230018	106e	
10319	76224717		
10320	13629812	61	
10323	2407234	48,92	
10324	48995978	48,1083	
10325	75380687		
10326	1784686	a1	
10327	48179391		
10328	74168099	79	
10329	1662004	79	
10330	37057743	79	
10331	73445448	48	
10332	440556	1ae	
10333	36834155	55	
10334	63223260	55	
10335	9718968	55	
10336	35112613	55	
10337	62107612		
10338	98555327	7b	
10339	35950025	7b	
10340	61344030		
10341	97433739		
10342	34838437		
10343	60222582	7b	
10344	97617181	7b	
10345	23015896	81	
10346	69000994	1081	
10347	96594609	1081	
10348	22993208	81	
10349	59388357	81	
10350	95772051	a8,107a	
10351	21767650	74,75	
10352	58165765	2b	
10353	84650463		
10354	21044178		
10355	57043117		
10356	83438826	207a	
10357	20822520	106e	
10358	56321639	106e	
10359	83715234		
10360	19700943	82	
10361	56105047	59	
10362	82593786		
10363	18988391		
10364	45082499	107e	
10365	81471108	107e	
10366	18865703	107e	
10367	44250812	54	
10368	70655556	1ae	
10369	17643265	1ae	
10370	43138260	73	
10371	10532969	1ae	
10372	56921677	76	
10373	82315772	76	
10374	19310321	76	
10375	45705025	76	
10376	82293134	76	
10377	18698739		
10378	44682448		
10379	71071546		
10380	17475251	79	
10381	44860890	79	
10382	70355994	79	
10383	6353603	79	
10384	43748308	79	
10385	75132317	79	
10386	2521011	79	
10387	38525760	107d	
10388	74010769	107d	
10389	1409474	107d	
10390	37803172	107d	
10391	74298287	74,75	
10392	282886	74,75	
10393	37781520	74,75	
10394	63175639	6e	
10395	9560338	6e	
10396	36569343		
10397	62953041		
10398	99348756		
10399	35842855	113	
10400	61231400		
10401	98225108		
10402	24610207		
10403	61019812	80	
10404	97403510	48	
10405	23998625	48	
10406	60992364	107e	
10407	96381979	79	
10408	23776077	107d	
10409	59170782	74,75	
10410	95169481		
10411	22653490		
10412	58058134		
10413	85446833		
10414	21831848	54	
10415	57836546	73	
10416	84220251	92	
10417	10719350	7c	
10418	57103969	7c	
10419	83108603	7d	
10420	19596712	75	
10421	56981417	106e	
10422	82386016		
10423	19870120	be	
10424	45869829		
10425	82263578		
10426	18658572	ac	
10427	44046281		
10428	71541986	73	
10429	17536995	92,a5	
10430	44920699	7c	
10431	70329348	7c	
10432	6713443	7c	
10433	43708041	7d	
10434	79206750	75	
10435	6691855		
10436	32086564	73	
10437	78474168		
10438	5479217	22	
10439	31863912		
10440	78358521	53	
10441	4756629	a	
10442	30741334		
10443	67136033		
10444	3534077		
10445	30929786	79	
10446	66413481	1081	
10447	92418590	1083	
10448	39806198	1083	
10449	5291803	52,70	
10450	32696942		
10451	68084557	c2	
10452	4179255		
10453	31563350	8f	
10454	67968069	43,83	
10455	4357063	70	
10456	30341772		
10457	63746411	48	
10458	99234526		
10459	35629124		
10460	62023839	96	
10461	98012938		
10462	25407643		
10463	61901281		
10464	97396380		
10465	24384095		
10466	50789693		
10467	97173708		
10468	23562407	207a	
10469	59057152	107a	
10470	96051150	107d	
10471	22446869	74,75	
10472	59834564		
10473	85239662		
10474	21223277	a7,107a	
10475	58712976		
10476	84117021		
10477	11501629		
10478	57996334	82	
10479	83994433	a3	
10480	10389142	48,7b	
10482	83272895		
10483	19667590	59	
10484	45651298		
10485	82050203		
10486	18444902		
10487	45939611		
10488	71923655	1ae	
10489	18322364		
10490	44717069		
10491	70101178	1ae	
10492	7500772	1ae	
10493	43694481		
10494	70089580		
10495	6483224		
10496	32872833		
10497	79867938	84	
10498	5361647	84	
10499	32750341	84	
10500	68144350	84	
10501	4549095	84,200	
10502	31533704	101b	
10503	67922702	101b	
10504	4417407	101b	
10505	30811116	101b	
10506	66200210	101b	
10507	93294869	79	
10508	39699564	79	
10509	66084673	79	
10510	92572371	79	
10511	28577986	74,75	
10512	65961085	6e	
10513	91350799	71	
10514	28754338	77	
10515	54149433	1081	
10516	90238142	64	
10517	27632240		
10518	53027855	113,123	
10519	90411554	1bc	
10520	26400609	1bc	
10521	53804307	1bc	
10522	89399912	1bc	
10523	25788011		
10524	52182715	80	
10525	88177324	48,1ab,307b	
10526	15561463		
10527	51960178		
10528	23454876	cf,1073	
10529	50449881	1ae	
10530	86848580		
10531	23232295	84	
10532	59627393	48,84	
10533	85121942	84,cf,1048	
10534	22110647	101b	
10535	58504745	79	
10536	85909450	64	
10537	11398059		
10538	57782164	54	
10539	84877802		
10540	10275411	73	
10541	47660516	95,1178	
10542	83054225		
10543	19059929	7c	
10544	46448938	106e	
10545	72932673	75	
10546	19337371		
10547	45725480		
10548	72710085		
10549	18114794		
10550	44509898		
10551	71098407		
10552	7092142		
10553	44487250	73	
10554	70875955		
10555	6260554		
10556	33665663	7c	
10557	79759367	71	
10558	6148016	72	
10559	32542011		
10560	68937720		
10561	5325424		
10562	31320433	48,1ae	
10563	68815132	64	
10564	94203886	54	
10565	30608985		
10566	67692580		
10567	93087299		
10568	30585393		
10569	66970002	cf,107f,5048	
10570	92365601	95,1178	
10571	29353756	107e	
10572	65758454		
10573	92142169		
10574	28637168		
10575	54635862		
10576	91020571	1bc	
10577	27415516	1bc	
10578	54813225		
10579	80208323		
10581	53797637	1bc	
10582	89185742	1bc	
10583	26570480	71	
10584	52575195		
10586	15458892		
10587	51852507	123	
10588	88241506		
10589	14235211		
10590	41620959		
10591	87025064		
10592	13513663		
10593	40908371		
10594	76902476	101b	
10595	13391185	107a	
10596	49785720	79	
10597	75180828	74,75	
10598	12275533		
10599	44663232		
10600	71068247		
10601	7452945	207a	
10602	43841694	106e	
10603	70946699		
10604	6330307	107e	
10605	33725002		
10606	19113101		
10607	45118716		
10608	72502414	73	
10609	8091563	85	
10610	45496268	85	
10611	71880877	85	
10612	8875971	86	
10613	44273680	86	
10614	70668285	86	
10615	7152333	87	
10616	33551032	87	
10617	70546737	87	
10618	6930746		
10619	32339440	88	
10620	69723159	88	
10621	5818294	88	
10622	32202803	88	
10623	68601507	88	
10624	94096616	88	
10625	31480215	101b	
10626	67489919	101b	
10627	94973028	101b	
10628	20368763	101b	
10629	66762372	79	
10630	93751476	79	
10631	29146185	6e	
10632	66540884	45	
10633	92039899	45	
10634	28423537	45	
10635	55428242	8a	
10636	91812341	8a	
10637	28201945	8a	
10638	54706054		
10639	80190753		
10640	27189308		
10641	53573406		
10642	80978111		
10643	16366810	80	
10644	53451824	101b	
10645	89856523	79	
10646	15240238		
10647	52639377		
10648	88033975		
10649	15028680		
10650	41517789		
10651	87911394	cf,107f,5048	
10652	14306092	1ae	
10653	40390147		
10654	77799846		
10655	13183454		
10656	49678559	48,86	
10657	76067258	48	
10658	2061963	48,1e0	
10659	49456901	87,cf,1e0,1048	
10660	75840616	88	
10661	1249315		
10662	48333324	95,14b	
10663	74728028	73	
10664	1127737		
10665	37511832		
10666	73906480	88	
10667	904185		
10668	36499284	7c	
10669	63883999	45	
10670	5288597		
10671	31677606		
10672	68661341		
10673	94156050		
10674	31554054	73	
10675	67949763		
10676	94933468		
10677	30338466	88	
10678	66727115	88	
10679	93211810		
10680	29616929	4c	
10681	66604523	73	
10682	92099232		
10683	28493337		
10684	55888045	cf,1048	
10686	68371799	45	
10687	94766498	70	
10688	20154092	70	
10689	67559101	70	
10690	93543806	70	
10691	20032555	1083	
10692	56427559	a5,1083	
10693	92821268	1083	
10694	29216967	1083	
10695	55204071	1083	
10696	92609670	106f	
10697	28194325	106f	
10698	54582424	6a	
10699	81587028		
10700	27971137		
10701	54366836	48	
10702	80764541	48	
10703	16259549	48	
10704	53244294	48	
10705	89642993	48	
10706	16037007	48	
10707	42421606	48	
10708	89516305	48	
10709	15914410		
10710	41309158	6d,cf,1073	
10711	88754763	cf,1073	
10712	14152862		
10713	41147577	cf,1073	
10714	77631175		
10715	13030280	cf,1073	
10716	40424929		
10717	76419637	cf,1073	
10718	3814632		
10719	49202331	cf,1073	
10720	75797046	55	
10721	2191144		
10722	38180759		
10723	75574498		
10724	1969506	83	
10725	37364101	1a0	
10726	74852810		
10727	847915	16c	
10728	37241623	92	
10729	63630268		
10730	9024367	7b	
10731	36029076		
10732	62514770		
10733	99902789		
10734	35307484	8b	
10735	61791132	8b	
10736	98780137	8b	
10737	24184846	84	
10738	61679541	84	
10739	97064649		
10740	24062258		
10741	50457953		
10742	92841002		
10743	29330706		
10744	55735315		
10745	92729410		
10746	28118128		
10747	54512827	8d	
10748	81907872	8d	
10749	27491571	8d	
10750	54490275	8d	
10751	80885284	8d	
10752	16279989	8d	
10753	53678698	88	
10754	89662736	88	
10755	16157341	88	
10756	42551040	88	
10757	88940154	88	
10758	15335853	101b	
10759	41329458	101b	
10760	88728507	8e	
10761	14212201	8e	
10762	40607210	8e	
10763	17601919		
10764	53090623		
10765	80485722	8e	
10766	16889337		
10767	43378076		
10768	89362180		
10769	15767889		
10770	42155488		
10771	78540593		
10772	15545291		
10773	41039846		
10774	77428945		
10775	14812659		
10776	40217358	80	
10777	77205367	cf,1048	
10778	3790062	48,6d	
10779	49195710	cf,1048	
10780	76589815	84	
10781	2978414	48	
10782	39972129	48	
10783	75367227	8d	
10784	1855932	88	
10785	38250531	8e	
10786	64245689		
10787	1639384		
10788	37038993		
10789	63422098		
10790	917796	54	
10791	36916401	201	
10792	63300440		
10793	99795159	8d	
10794	35183853	88	
10795	62188962	8e	
10796	98672567		
10797	25067275		
10798	61466310	be	
10799	98850929		
10800	24845628	80	
10801	50243722		
10802	97738431	16c	
10803	23122036		
10804	50527144	8d	
10805	86516889	8d	
10806	22900598	8e	
10807	59305593		
10808	85893201		
10809	22888900		
10810	58272005		
10811	84677654		
10812	11066358	7b	
10813	53550467	107a	
10814	80555062	88	
10815	16943770	101b	
10816	42338879		
10817	89732524		
10818	15721123		
10819	42216237		
10820	78610936	73	
10821	14005031		
10822	41493640		
10823	77498348	10cf	
10824	14882493		
10825	40371092		
10826	76766706		
10827	3160805		
10829	76543119	1083	
10830	2948263	59	
10831	39432962	82	
10832	75421661	82	
10833	1826676	1a0	
10834	38210374		
10835	64605089		
10836	1003028		
10837	37198732		
10838	63583431	59	
10839	981540		
10840	36376145		
10842	39765958	1045	
10843	75253697	48	
10844	2648201	107e	
10847	1426714	48	
10848	37910722		
10849	64319467	1ae	
10850	90303176		
10851	37798171	1ae	
10852	63193879	d,1ae	
10853	99581584	5a	
10854	36076683	48,75	
10855	62070231	48	
10856	99469936		
10857	25853045		
10858	61258740		
10859	98643358		
10860	24731453		
10861	51126152		
10862	97520701		
10863	24919805		
10864	50903514		
10865	86308219	64	
10866	23893227	1093	
10867	59281922	1093	
10868	86686671	93	
10869	12670770	93	
10870	58069384	1093	
10871	85463083	8d	
10872	11958188	88	
10873	58947797	8e	
10874	84341431	45	
10875	10736540		
10876	47120245	107a	
10877	83519853	a8,107a	
10878	10613952	a7,107a	
10879	46008667	207a	
10880	72497366		
10881	19891310	72	
10882	45286019	1072	
10883	72370114	72	
10884	4779823	38	
10885	40164421	38	
10886	77558536	38	
10887	3557275	80	
10888	40941889	107e	
10889	76436988		
10890	2830693	a4	
10891	39229392		
10892	75214390		
10893	2618045	55	
10894	38007744	70	
10895	65591858	5c,70	
10896	1586457		
10897	37984162		
10898	64379261		
10899	90764875		
10900	37168514		
10901	63257623	90	
10902	99641328	90	
10903	36046926	90	
10904	62434031	90	
10905	99429730	90	
10906	25824484	90	
10907	61318483	8d	
10908	98707192	8d	
10909	24101897	8d	
10910	51196805	8d	
10911	97584500	8d	
10912	23979249	88	
10913	50474354	88	
10914	86868952	88	
10915	23857661	88	
10916	59251766	88	
10917	85646474	2e	
10918	22134079	2e	
10919	58139128	2e	
10920	25524823	2e	
10921	51912531		
10922	97317530	1169	
10923	24701235		
10924	50896944		
10925	87294988		
10926	23689697		
10927	50074392		
10928	86062400	73	
10929	12467005		
10930	59951714		
10931	85346853	55	
10932	12744567	cf,1048	
10933	48739166	48	
10934	84124261	48,107f	
10935	11522979	92,cf,1048	
10936	47017574	cf,1048	
10937	84401683	52	
10938	10406322	90	
10939	46895036	8d	
10940	73289035	88	
10941	19684740		
10942	46772449	a	
10943	72167543		
10944	8561192		
10945	45950291	95	
10946	71345905	14b,15d	
10947	8339504	73	
10948	34834619		
10949	70222318	90	
10950	7617062	8d	
10951	33611061	88	
10952	70000776	91	
10953	6595475	139	
10954	32999573	73	
10955	65384188		
10956	1372887		
10957	38777931		
10958	64161630		
10959	91650245	90	
10960	37055344	8d	
10961	63049052	88	
10962	90434657	91	
10963	26822796	be	
10964	63227401		
10965	99311109		
10966	25700114	80	
10972	24861088	70	
10973	50260683	48,70	
10974	87255382	76	
10975	23649496	48	
10976	59048135	92	
10977	86532744	107f,2048	
10978	12927849	107e	
10979	59911557	59	
10980	85310252	82	
10981	11705261	73,a5	
10982	58199906	46,94	
10983	84298614		
10984	11682713	90	
10985	47077318	90	
10986	84472026	8d	
10987	10860121	88	
10988	46955770	2e	
10989	73359475	107a	
10990	19748583	207a	
10991	46132282		
10992	72537897		
10993	8522996	be	
10994	45010690		
10995	71415349		
10996	8809344	10b7	
10997	34898052		
10998	10282757		
10999	47687766	72	
11000	73176465	38	
11001	10560119	96	
11002	46565218		
11003	72959823		
11004	9348522		
11005	45742626		
11006	72837335	70	
11007	8226374	1083	
11008	34620088	1083	
11009	71015787		
11010	7409792		
11011	34408491		
11012	60992105		
11013	6387204	70,cf,1048	
11014	33776843	cf,1048,1083	
11015	69170557	cf,1048,1083	
11016	6165656	cf,1048,1083	
11017	32559361	cf,1048	
11018	69058960	48	
11019	95442074	48	
11020	31437713	48	
11021	68836428		
11022	94220427	95,cf	
11023	21715135	54	
11024	67113830		
11025	93108839	48	
11030	51865604	207e	
11031	98263709	7b	
11032	24658418	7b	
11033	51043053		
11034	87047161	1ae	
11035	23536866	1ae	
11036	50920465		
11037	86325573	84	
11038	13313278	84	
11039	59708927	87	
11040	85103922	97	
11041	12697630	97	
11042	48086335	97	
11043	85080444	97	
11044	11475049	97	
11045	47863787	97	
11046	84268896	97	
11047	10753491	90,a6	
11048	47741109	90	
11049	73136204	90	
11050	10530913	90	
11051	46925518	8d	
11052	72913666	8d	
11053	9418365	88	
11054	45803070	8a	
11055	72291078	101b	
11056	8696773	107d	
11057	34680482	71	
11058	71175527	10	
11059	7573135	1019	
11060	34968834	6	
11061	60953949	7	
11062	6351548		
11063	33746252		
11064	69230391		
11065	6625096		
11066	32623004	5a	
11067	68018709		
11068	95403418	80,a3	
11069	31801517	48,55,107b	
11070	68396121	cf,1ab,1048,307b	
11071	94380860	48	
11072	20785975	cf,1048	
11073	67173574	45,cf,1048	
11074	93568288	48,f8	
11075	20563387	cf,f8,1048	
11076	56051086	48	
11077	32446630	cf,1048	
11078	69840739	97	
11079	95239444	90	
11080	32224143	8d	
11081	68618157	88	
11082	95113856		
11083	21501505		
11084	67556500		
11085	94950218		
11086	20349913		
11087	57734012	95,177	
11088	93238626		
11089	29223325	97	
11090	56611470	97	
11091	82016179	90	
11092	29400787	8d	
11093	55599882	88	
11094	81994591	1d	
11095	28388296	24	
11096	54773234	11d	
11097	81171949		
11098	13166648		
11099	59650656	89,cf,1ab	
11100	86049351	200	
11101	12444060	97	
11102	49838105	90	
11103	85827713	8d	
11104	11221418	88	
11105	48716527	be	
11106	74100225		
11107	11109820	73	
11108	47594939		
11109	73988674		
11110	387282	54	
11111	46871387	48,59	
11112	73866096	82	
11113	9260791	107b	
11114	46659709	7b	
11115	72044448	55	
11116	8038143	1ab	
11117	35537251	84	
11118	71921856	48,84	
11119	8316565	200	
11120	34710660		
11121	60709218		
11122	7194917	48	
11123	33698022	123	
11125	96471335	6e	
11126	32476434		
11127	69865139		
11129	32754886		
11132	21521304	48,7f	
11133	67926903	cf,178,1073	
11134	94415058	98	
11135	20409757	98	
11136	56804361	cb	
11137	93298460	ca	
11138	29687169	ca	
11139	56681873	ca	
11140	82176812	ca	
11141	28565527		
11142	55969226		
11143	81354330		
11144	28348939		
11145	54747648		
11146	81231742		
11147	17626381		
11148	53025096	99	
11149	80019195	a0	
11150	16404809		
11151	43892408	30a2	
11152	89397517		
11153	15381252		
11154	42776960		
11155	18175965	52	
11156	55569674	207a	
11157	81954378		
11158	17052477		
11159	54447022		
11160	80831721		
11161	17236839	46	
11162	43225434	46	
11163	89719143	46	
11164	16114248	16	
11165	42502956		
11166	79997591		
11167	15981690		
11168	41386308		
11169	74875003		
11170	269012		
11171	47264717		
11172	73652465	33	
11173	9047460	33	
11174	36442179	33	
11175	72930878		
11176	9925982		
11177	35329581		
11178	72714226		
11179	8102334		
11180	34507039		
11181	61692648		
11182	7080743		
11183	34475451		
11184	60879050		
11185	96864105	75,cf,1048	
11186	33252803	95,cf	
11187	69757518	cf,1048	
11188	96142517	95	
11189	22530212		
11190	68535320		
11191	95929069		
11192	21414674		
11193	68812773		
11194	94807487		
11195	20292186	97	
11196	57690191	107a	
11197	93085839	107a	
11198	20579538	90,a6	
11199	56574543	88	
11200	82962242	8e	
11201	29357956	1019	
11202	55742055	107a	
11203	82140600		
11204	18235309	be	
11205	54629413		
11206	81028112	e	
11207	17412721	20b7	
11208	54407825		
11209	80802524	8d	
11210	17390179		
11211	43785278		
11212	89189982	105,111	
11213	16178681	99,10f2	
11214	42562690	9f	
11215	79967395	9f	
11216	15452043	9f	
11217	41440148	9f	
11218	78835747	9f	
11219	4239451	9f	
11220	41628550	9a	
11221	77013169	9a	
11222	3117804	9a	
11223	40502912	9b	
11224	76990617	9b	
11225	3395226	109b	
11226	39389320	2178	
11227	75878039	9c	
11228	2273734	9c	
11229	38667773	9c	
11230	65056481	9c	
11231	1050186	9c	
11232	37445295	9d	
11233	4939890	9d	
11234	30328508	9d	
11235	77723643	9d	
11236	3717252	9d	
11237	30106950	9e	
11238	66500065	9e	
11239	2095764	9e	
11240	35089369	9e	
11241	61488417	9e	
11242	8873112	97	
11243	34267821	97	
11244	60666820	45	
11245	97750534	44	
11246	33145233	6d	
11247	60549248	28	
11248	96938986		
11249	22923081		
11250	69327790		
11251	95816395		
11252	22200403		
11253	58695102		
11254	94693857	ab	
11255	21088856		
11256	57473560		
11257	94977269	9d	
11258	20366274	9d	
11259	56350972		
11260	83755611	9e	
11261	29143726		
11262	56638325	109c	
11263	82633039	49	
11264	18027138		
11265	55416843	41	
11266	81810441	109c	
11267	18205590	9c	
11268	44394295	46,9d	
11269	81788994		
11270	17183908	9e	
11271	43577607	9e	
11272	80566312		
11273	16960351		
11274	43455065		
11275	79844764	be	
11276	15248873		
11277	42233477	2178	
11278	78621186	2178	
11279	5026221		
11280	41510920		
11281	77505534		
11282	4904633	9d	
11283	30398342	9e	
11284	77783947	9e	
11285	3171055		
11286	39276790		
11287	76660409	f2	
11288	2055403	4c	
11289	39454112		
11290	65848811	106f	
11291	1833916	106f	
11292	38331564	86	
11293	64726269	86	
11294	91110378	86	
11295	37115973	16c	
11296	63504681	48,206f	
11297	90098780	6d	
11298	26493435	139	
11299	63881033		
11301	26270847	9f	
11302	52665542	38	
11303	98154550		
11304	25148255	43	
11305	51543904	7f,8048	
11307	24326617		
11308	50720316	3008	
11309	87819421		
11310	23204029	cf,3008	
11311	50608164	a008	
11312	22093873	a008	
11313	58481572	a008	
11314	95486586	3008	
11315	21970285		
11316	58369990		
11317	84764038	b1	
11318	20758643	b1	
11319	57143342	b1	
11320	83531441	b1,d5	
11321	20036055	b1	
11322	56421754	b2	
11323	82419869	b2	
11324	19814508	b2	
11328	44186624	f8,10af	
11329	81571633	af	
11330	17979378	af	
11331	44364077	9f	
11332	70458081	9f	
11333	17857780	9f	
11334	43241495	9f	
11335	79636594		
11336	16021142	9b	
11337	42029847	9b	
11338	79514956	9b	
11339	5908650	109b	
11340	41307269	9a	
11341	78391364	9a	
11342	4786063	109a	
11343	31181711	109a	
11344	77679716	109a	
11345	3064425	109a	
11346	30068120	c3	
11347	66457138	a9	
11348	3841833	a9	
11349	39246582	a9	
11350	65331686	a9	
11351	2729285	a9	
11352	38124994	a9	
11353	65518099	aa	
11354	91907707	aa	
11355	37991342	aa	
11356	64496451	aa	
11357	90885155	aa	
11358	27279764	10aa	
11359	63274863	9c	
11360	99668578	9c	
11361	26057276	9c	
11362	52551211	9d	
11363	99946920	9e	
11364	25935625	9e	
11365	52339733		
11366	88724332		
11367	24218047		
11368	51617185	36	
11369	87602890		
11370	24096499	1169	
11371	50485594		
11372	86889202		
11373	13974207		
11374	59368956	ab	
11375	86767655		
11376	12152769	ac	
11377	48546368		
11378	85545073	ad	
11379	11039171	ad	
11380	48424886	9d	
11381	74822425	9d	
11382	10817524		
11383	43202238	9e	
11384	79606837		
11385	16195942	13b,2073	
11386	42589641	109c	
11387	78574395		
11388	5972394		
11389	41367003		
11390	18752707		
11391	44256816		
11392	70245411	1a0	
11393	17639150	aa	
11394	43034264	aa	
11395	70422863	9c	
11396	6417578	46,9d	
11397	43912676		
11398	79306385		
11399	5795980	be	
11400	42199039	60	
11401	78184733		
11402	5672432	9f	
11403	31077447		
11404	77462146	10db	
11405	4450854	aa	
11406	30845999	aa	
11407	67249508	9e	
11408	3734202	2a	
11409	39122311		
11410	66127916	46	
11411	92512625		
11412	39900763		
11413	65305468	48,207f	
11414	91499077	54	
11415	28884172	54	
11416	64283880		
11417	91677585		
11418	27062594		
11419	63060238	3008	
11420	90555947	2a	
11421	26949946	101b	
11422	53334641	8d	
11423	99733359	93	
11424	25727454		
11425	52112003		
11426	88610708		
11427	25005816		
11428	51099515		
11429	88494120		
11430	14883228		
11431	50277973		
11432	87772572		
11433	13760677		
11434	50155385		
11435	86559484	73	
11436	12948099	40b7	
11437	49033797		
11439	12822541	af	
11440	48210156	af	
11441	74605254	6e,af	
11442	11609969	6e,af	
11443	47198668	1c8,10af	
11444	74583607	10af	
11445	987311	10af	
11446	46372010	ae	
11447	73360025	ae	
11448	9765723	ae	
11449	46259438		
11450	72648577	10af	
11451	8643186	af	
11452	35037880	d	
11453	71422989	46	
11454	4820694	53	
11457	3758046	10af	
11458	39153655	af	
11459	66547759	48,a8	
11460	92536468	10af	
11461	39030163	55,107b	
11465	64203620	42	
11466	91697229	42	
11467	27196937	a3	
11468	3580032		
11469	30575681	107a	
11470	66970385	107a	
11471	93368494	b3	
11472	39853199	b3	
11473	65247798	b3	
11474	92246806	b3	
11475	28630501	b3	
11476	65025250	b3	
11477	91420254	b3	
11478	27918963		
11479	54903668	b3	
11480	90307777	b4	
11481	27796375	b4	
11482	53180020	b4	
11483	99185129	b4	
11484	26674724	b4	
11485	52068432	b4	
11486	89463537	b4	
11487	25857246	b4	
11488	52846880	b4	
11489	88240999	b4	
11490	14735698	b4	
11491	51124303	b4	
11492	87118301	10b5	
11493	14513016	10b5	
11494	40907115	10b5	
11495	86396750	20b5	
11496	13890468	20b5	
11497	49885567	20b5	
11498	86274272	40b5	
11499	12678870	40b5	
11500	48063985	40b5	
11501	75457624	b5	
11502	11556339	b5	
11503	48940337		
11505	734741	b1	
11506	47728740	b1	
11507	73213494	b1	
11508	601193	b1	
11509	36006208	b1	
11510	72491806	b2	
11511	9485511	b2	
11512	35884610	b2	
11513	72378329	10f2	
11514	8763963		
11515	34761062		
11516	61156777		
11517	7541475		
11518	34945480	10b7	
11519	60434189	f2	
11521	33823832	9f	
11522	69211541	9f	
11523	96606246	9f	
11524	22091345	9f	
11525	65195959	9f	
11526	91584698	9f	
11527	27978707	9a	
11528	64373401	9a	
11529	90361010	109a	
11530	27756115	109a	
11531	53251824	ba	
11532	99645428	1047	
11533	26034577	bb	
11534	52038272	bb	
11535	89423971	bb	
11536	25811989	bb	
11537	51316684	bb	
11538	88301393	bb	
11539	14799437	bb	
11540	51194046	aa	
11541	87588741	aa	
11542	13073850	aa	
11543	40061558	10aa	
11544	86466163	9c	
11545	13851202	9c	
11546	49249907	b3	
11547	25244515	b3	
11548	52738610	b4	
11549	88123329	20b5	
11550	15521027	26	
11551	51916032	bc	
11552	88901771		
11553	14309486	1d	
11554	40894584		
11555	87288189		
11556	13683298		
11557	40672993		
11558	76066541		
11559	12451640		
11560	49959355		
11561	75944053	ab	
11562	12338068		
11563	48737767		
11564	74122412	b4	
11565	1516510	10f2	
11566	47611119	1047	
11567	74009824	9d	
11568	494922	9a	
11569	36898537	3,105	
11570	73887236	ba	
11571	9272381	53,109c	
11572	36776089		
11573	62161698		
11574	8559793	ba	
11575	35544402	53	
11576	61948106	b0	
11577	8437145	c5	
11578	34822850	c5	
11579	60226558	46,9d	
11580	97211663	b4	
11581	33609262	be	
11582	60004971	29	
11583	96598015		
11584	23587624		
11585	69982329	f2	
11586	95376428		
11587	22765132	9f	
11588	58169731		
11589	95254840		
11590	21648584	ba	
11591	57047293	c5	
11592	94432298	c5	
11593	20426907	aa	
11594	57815601	b5	
11595	83319610		
11596	25704359	c0	
11597	52198054	b9	
11598	88197162		
11599	15582767		
11600	51976476	4c	
11601	87475570	34	
11602	14469229	34	
11603	40854824		
11604	87259933	34	
11605	13647631		
11606	49032236	48	
11607	76136345		
11608	12525049	6066	
11609	49919798	6066	
11610	75304793		
11614	1686814		
11615	47075569	9f,f2	
11616	74069667	75,10af	
11617	464362	ad	
11618	36953371	9a	
11619	73347079	ba	
11620	9742784	1017	
11621	36736723	2066	
11622	62125438	1017	
11623	8529136	24	
11624	35014241		
11625	1003840	43	
11626	48497555		
11627	74892653	a3,2066	
11628	286392	2066	
11629	37675907	1017	
11630	73779005		
11631	164710		
11632	36553319	b1	
11633	62957424	b1	
11634	9342162	b1	
11635	35330871	b1	
11636	62835876	b1	
11637	98229575	b2	
11638	34614289	b2	
11639	61613388	b2	
11640	97007933	2016	
11641	34492631	43	
11642	60990740		
11643	96385345	123	
11644	23379054		
11645	69764158		
11646	96163807		
11647	22657402		
11648	59642500	a008	
11649	95040215	33	
11650	21435914		
11651	58820923	48,107b	
11652	84224627	1ae	
11653	21313376	48	
11654	57707471	48	
11655	83102080		
11656	20590784	a3	
11657	56585883	64	
11658	83980492		
11659	19474136		
11660	55863245		
11661	82257940		
11662	18252559		
11664	81035362		
11665	17530001		
11666	44928016		
11667	70913714	40b7	
11668	13317419		
11669	49702428		
11670	75190122		
11671	2295831		
11672	48680970		
11673	75078585		
11676	74852097		
11677	340002	9f	
11678	37745740	9f	
11679	73130445	9f	
11680	128454	9f	
11681	36523152	9a	
11682	62017867	9a	
11683	9402966	9a	
11684	35800511	109a	
11685	62895219	9b	
11686	98280324	a9	
11687	34688023	c3	
11688	61173621	c3	
11689	97567736	c3	
11690	34566435	ad,c3	
11691	60950180	ba	
11692	96345188	ba	
11693	23740893	b3	
11694	69838592	b3	
11695	96223501	9c,c4	
11696	22617205	c4,109c	
11697	58016954	9d,c4	
11698	95401059	9d,c4	
11699	21495657	9e,c4	
11700	58990362	9e,c4	
11701	84388461	d,b4,c4	
11702	20773176	b4,c4	
11703	57777714	c4,10b5	
11704	23166823	c4,10b5	
11705	60551528	bb	
11706	96055137	bb	
11707	23440231	bb	
11708	59438930		
11709	95833645		
11710	22227683	ab	
11711	58616392		
11712	85101097		
11713	21105106	b4	
11714	57594700	109b	
11715	84988419	9b	
11716	10383554	ad	
11717	57477163	ad	
11718	83866861	ad	
11719	19261966	9d	
11720	56655675	40b5	
11721	82044279	ff,2017	
11722	19048328	9e	
11723	45533023	ba	
11724	81927732	ba	
11725	18326736	9c	
11726	44311445	71	
11727	71705144	9f,a5	
11728	17194258	46	
11729	43698897	ad	
11730	70083592		
11731	6077601	46,ad	
11732	43476205	95	
11733	79861914		
11734	5255013	c4	
11735	32354768	c4	
11736	78748366	c5	
11737	5133471	7b	
11738	31531170		
11739	74926274	f2	
11740	911883		
11741	36415522	9f	
11742	63804637	9b	
11743	9298235	a9	
11744	36693940	ad	
11745	62681049		
11746	98076754	c4	
11747	35561352	c4	
11748	61965407	c5	
11749	98954106		
11750	24348804		
11751	60743819		
11752	97232518		
11753	23626223		
11754	60621361		
11755	96015976		
11756	22404675		
11757	59808784		
11758	95993388		
11759	22382087		
11760	58786132		
11761	84171830	be	
11762	21565445	75,77	
11763	57554544	81	
11764	84058253		
11765	10443957	1093	
11766	56832966	107f,2048	
11767	83236601	ba	
11768	19221310	d,99	
11769	56619314	10af	
11770	82114013		
11771	19508728		
11772	45593826	b1	
11773	81992475	b1	
11774	18386170	b1,d5	
11775	44771289	b1	
11776	71279983	b2	
11777	17264592	b2	
11778	43658697	b2	
11779	70043345	b2	
11780	6442944		
11781	43436049	43	
11784	72714461	98	
11785	18108166		
11786	45103815		
11787	71692913	98	
11788	17086528	98	
11789	44481227	9f	
11790	70479321	9f	
11791	7864030	9a	
11792	43268675	9b	
11793	79757784	9b	
11794	6142488	a9	
11795	32146097	af	
11796	79531196	123	
11797	5929801	ba	
11798	31314549	ba	
11799	68819554	c6	
11800	4807253	c6	
11801	31292357	c6	
11802	67696066	c6	
11803	4081665	c6	
11804	30079770	3b	
11805	66574418		
11806	93969023		
11807	39357122	3b,45	
11808	66752837		
11809	92746535	c7,f2	
11810	24131534	c8	
11811	61639289	c8	
11812	97024987	c8	
11813	24019092	c8	
11814	50407691	c8	
11815	96802306	c8	
11816	23296404	c8	
11817	59785059	c8	
11818	96789758	c9	
11819	22174866	c9	
11820	58569561	c9,123	
11821	85967160	c9	
11822	21452275	c9	
11823	58446973	bb	
11824	84845628		
11825	10239627		
11826	57624336	45	
11827	83629030	62,1093	
11828	10117149	ab	
11829	46502744		
11830	82956492	10af	
11831	19355597	1047	
11832	45349196	45	
11833	82734805	bb	
11834	18239909	c7	
11835	45627618	99,f8,13b	
11836	71612253	10af	
11837	17016362	c6	
11838	44405066	3b	
11839	70899775		
11840	7394770	46	
11841	43383478	95	
11842	79777187		
11843	6172122	3b,46	
11844	32566831		
11845	79555535		
11846	5050644	c9	
11847	31444249	c5	
11848	68833958		
11849	4227096		
11850	31222701		
11851	67616300		
11852	3105404		
11853	30500113	ba	
11854	66994718		
11855	93983867		
11856	39387565	3b	
11857	65872270	c8	
11858	92266279		
11859	28265983		
11860	5650082		
11861	31044787		
11862	67443336		
11863	94937430		
11864	30922149		
11865	67310848		
11866	93715853	b7	
11867	30100551	38	
11868	66194206	38	
11869	92693205	72	
11870	29087919	72,a5	
11871	65472618	ca	
11872	92870717	ca	
11873	28865322	cb	
11874	54250060		
11875	91754175		
11876	27143874		
11877	54537489		
11878	80532587	20b7	
11879	26920296		
11880	53315891		
11881	85800949	a0	
11882	22804644		
11883	58293343		
11884	84687358		
11885	11082056	a1	
11886	57470761		
11887	84565800	a0	
11888	10960419		
11889	46354113		
11890	83743222		
11891	19747827	3b	
11892	46232525	a1	
11893	72621670		
11894	19025379		
11895	45410988	3b	
11896	71408082		
11897	18803791		
11898	44397496	3b	
11899	71782404	3b	
11900	7171149	7,62	
11901	43175858	62	
11902	70560957	62	
11903	6958551	62	
11904	33453260		
11905	79447365	62	
11906	5832914	62	
11907	32231618	cc	
11908	68625727	cc	
11909	5010422	cc	
11910	31118030	cc	
11911	67503139	cc	
11912	94997874	cc	
11913	30392583		
11914	67381587		
11915	93775296		
11916	39260991	10cd	
11917	66668900	10cd	
11918	92053608	10cd	
11919	29047353	20cd	
11920	65446452	20cd	
11921	91831066	20cd	
11922	28325165	cd	
11923	54320860	b	
11924	91718579	59	
11925	27103517		
11926	54507222	3e,7b	
11927	10000080	1e7	
11929	53485634	3b	
11930	89870349	a008	
11931	26268488	a3	
11932	52653092	7e,7f,2048	
11933	88757791	98	
11934	15146890	98	
11935	51531505	98	
11936	88935103	98	
11937	14920218	98	
11938	40318957	9f	
11939	27813661		
11940	53208660	f2	
11941	80696379	99	
11942	16691074	99	
11943	52085072	7f	
11944	89474727	a3	
11945	15978426	9f	
11946	52963531	9f	
11947	88358139	9f	
11948	14756848	9a	
11949	41141943	9a	
11950	87535691	9a	
11951	14624296	109a	
11952	40028305	109a	
11953	72413000	a9	
11954	19808608	af	
11955	45206713	af	
11956	72291412	af	
11957	8785161	ba	
11958	45184165	ba	
11959	71578874	c6	
11960	7563579	c6	
11961	44968687		
11962	70456282	1033	
11963	7841921	bd	
11964	33245030	a4	
11965	79234734		
11966	6628343		
11967	32013448		
11968	69512157	da,f2	
11969	5506791	d0	
11970	31991800	d0	
11971	68395509	d0	
11972	94784213	d0	
11973	31178212	d0	
11974	67273917	c8	
11975	93662626	c8	
11976	20056760	d1	
11977	66451379	d1	
11978	93445074	d1	
11979	29834183	d1	
11980	65338781		
11981	92723496		
11982	28112535	62	
11983	55106249	ab	
11984	91501248		
11985	27995943		
11986	54484652	10cf	
11987	80889750	ad	
11988	27873305	10af	
11989	53262004	99	
11990	80666118	1045	
11991	16051717	1033	
11992	52145422	d1	
11993	89544521	ab	
11994	15939229	10af	
11995	52323874	ba	
11996	88722973	c7	
11997	14816688		
11998	41201386	95	
11999	87609391		
12000	14094090		
12001	40089744	cf	
12002	76473843		
12003	13972452	d0	
12004	49366157	d0	
12005	76751255	c8	
12006	2759860	d1	
12007	48144509	46,99	
12008	75539614		
12009	1033312		
12010	48422921		
12011	74416026	ad	
12012	811734	10af	
12013	37209439	ae	
12014	73694478		
12015	799183		
12016	36183881	d0	
12017	2572890	d0	
12018	49966595	d1	
12019	75361204	d1	
12020	2359348	f2	
12021	38844957		
12022	75249652		
12023	1637760		
12024	33622465		
12025	70026064	88	
12026	6511113	8a	
12027	33909817	90	
12028	69304426	97	
12029	5399521	6066	
12030	32787239	9f	
12031	68182934		
12032	95676943		
12033	31061682	d2	
12034	67050396	d2	
12035	94454495	d2	
12036	20849090	d2	
12037	67237709	d2	
12038	93332803	d3	
12039	29726552	d3	
12040	56111151		
12041	92510265	10cf	
12042	29904964	bd	
12047	81275020	2016	
12048	27660735	2016	
12049	53054833	2016	
12050	80559548	2016	
12051	16947147	2016	
12052	53932291	2016	
12053	89326990	2016	
12054	16725505	2016	
12055	42110604	2016	
12056	88204302		
12057	15609017		
12058	41097056	17	
12059	88482761		
12060	14886469		
12061	40975574	57	
12062	77360173	17,57	
12063	13764881	57	
12064	40159926	57	
12065	76547525		
12066	2542230		
12067	49036338	c1	
12068	75425043	10c1	
12069	2810642	10c1	
12070	38814750	10c1	
12071	74203495	10c1	
12072	1697104	10c1	
12073	37192109	c1	
12074	74586817	c1	
12075	575512	c1	
12076	36970611	c1	
12077	63364266		
12078	9753964	75,1045	
12079	36857073	1045	
12080	62242678	1045	
12081	98637386		
12082	35035481	d4	
12083	61420130	d4	
12084	98414735	d4	
12085	24903843	d4	
12086	61307542	d4	
12087	97792247	a3,2066	
12088	23187256	48,107f	
12089	50185950	a4	
12090	96570609		
12091	23064604		
12092	59463312		
12093	95457011		
12094	22842126	be	
12095	54241725	be	
12097	67120578	54	
12098	93124273		
12099	20513882		
12100	56907986	d2	
12101	93302695	d2,123	
12102	29491334	d2	
12103	55885348	d2	
12104	82270047	d2	
12105	28674152	d3	
12106	55063751	d3	
12107	81057455	d3	
12108	27552504		
12109	54941203	98	
12110	80335817	98	
12111	17330916	9f	
12112	53724621	9f	
12113	89113320	9f	
12114	16617334	9f	
12115	42002073	9f	
12116	89091772	9a	
12117	15495787	9a	
12118	42880485	9a	
12119	78274190	9a	
12120	14763299	9b	
12121	41767843	9b	
12122	77152542	33	
12123	14541657	2b	
12124	40945356	2b	
12125	76930964	2b	
12126	3428069	d6,d7	
12127	49823708	d6	
12128	76218313	d6	
12129	2602411	d6	
12130	38601126	d6	
12131	75195825	c7,f2	
12132	1580833	d8	
12133	38988538	d8	
12134	64973287	d8	
12135	368382	d8	
12136	37752990	d8	
12137	63251695	d8	
12138	645794	d0	
12139	36630403	10d9	
12140	62038047	d9	
12141	99423156	d9	
12142	35818851	d9	
12143	62312469		
12144	98301564		
12145	25795273		
12146	61190918	62,d7	
12147	97588916	ab	
12148	24573625	ab	
12149	50078320		
12150	97466438		
12151	23851033	99	
12152	59255742		
12153	86240887	d7	
12154	22638495	c7	
12155	59123194		
12156	85528209	9a	
12157	21516908	2016	
12158	58901502		
12159	84305651		
12160	11790356		
12161	57288064	d9	
12162	83283063	d9	
12163	10678778		
12164	46066477		
12165	83461421	f2	
12166	15555120		
12167	41940225	46,d6	
12168	78348934	d6	
12169	14733538		
12170	41128647		
12171	77116346	d8	
12172	13611090	d0	
12173	40005099	d9	
12174	16494704	99	
12175	43898403		
12176	89883517		
12177	16278116		
12178	42776855		
12179	78161960		
12180	15155568	d6	
12181	41554273	d8	
12182	78949372	d0	
12183	4333086	d9	
12184	40838625		
12185	77826734	f2	
12186	3211439		
12187	40605147		
12188	76004142		
12189	2099841	125	
12191	75988594	9a	
12192	2376209	d4	
12193	38761908	d4	
12194	64765016	d4	
12195	1154611	d4	
12196	37649320	d4	
12197	64043465	1a7	
12198	90432163	10db	
12199	36426778	10db	
12200	63821877	10db	
12201	99315585	10db	
12202	36704180	10db	
12203	62709239	10db	
12204	98153934	db	
12205	25542642	db	
12206	61936647	db	
12207	98431356	db	
12208	24425055		
12209	51814159	ba	
12210	97219708	ba	
12211	23603403	ba	
12212	50692511	ba	
12213	86196216	95	
12214	23581825	95	
12215	59975920	10dc	
12216	85374678	10dc	
12217	12369277	10dc	
12218	58753372	dc	
12219	85252081	20dc	
12220	11646785	20dc	
12221	57031794	20dc	
12222	84025439	dc	
12223	10424147	dc	
12224	47819246	dc	
12225	83303851	cf,10af	
12226	19302550	6e,af	
12227	46796664	6e,af	
12228	72181263	af	
12229	19580308	af	
12230	45974017	ae	
12231	71069715	af	
12232	8463720	10af	
12233	44852429	10af	
12234	10000090	1e7	
12235	7241272		
12236	43730887		
12237	70124586	89	
12238	2519690		
12239	39913299		
12240	75902998	4c	
12241	2396042		
12242	38891741		
12243	64280356	d2	
12244	1274455	d2	
12245	37679169	d2	
12246	64063868	d2	
12247	90452877	d2	
12248	36956512	d3	
12249	63941210	d3	
12250	99330325	d3	
12251	36734924		
12252	2129638	dd	
12253	38517737	dd	
12254	65612386		
12255	1006081	43,a5	
12256	38491199	43,a4	
12257	64880894	a3,2066	
12258	90884403		
12259	37279508	48,1ae	
12260	63767246	48,7b	
12261	90162951	48	
12262	26556950	48	
12263	62541668	48	
12264	99940363	be	
12265	25334372		
12266	62829077		
12267	98827725	10db	
12268	24212820	10db	
12269	51606429	10db	
12270	97001138		
12271	24590232		
12272	50584941		
12273	87979586		
12274	23377694	9f	
12275	59762399	99,9f	
12276	86157908	99,9f	
12277	12255007	9f	
12278	59640711	2016	
12279	85034450	2016	
12280	11439455	df	
12281	48427163	df	
12282	84812868	df	
12283	11317977	df	
12284	47705572	df	
12285	83190280	df	
12286	10194329	ba	
12287	46589034	ba	
12288	73977033	ba	
12289	19462747	33	
12290	45467446	dd	
12291	72855441		
12292	8240199		
12293	45644898		
12294	71039903		
12295	7127502	da,f2	
12296	34522216	e0	
12297	70917315	e0	
12298	7305060	e0	
12299	33300669	e0	
12300	79794767	e0	
12301	6283472	e0	
12302	32687071	e0	
12303	69072185	e0	
12304	5067884	d8	
12305	32465539		
12306	68950538		
12307	94344242		
12308	31733941	3b,62	
12309	63737050		
12310	90122655		
12311	26517393		
12312	62015408		
12313	99000107		
12314	25494711	ab	
12315	62893810		
12316	98287529	da	
12317	24672164	9b	
12318	51777272	df	
12319	97165977	df	
12320	24550676	df	
12321	50954680	2017	
12322	86943389	2016	
12323	23338098	1033	
12324	59822133	dd	
12325	86221741	ba	
12326	12615446		
12327	58600555		
12328	85004150		
12329	11493868		
12330	58988903	95	
12331	24382602		
12332	50371210		
12333	87765315	f9	
12334	23160024		
12335	50554729	e0	
12336	86643777		
12337	13048472		
12338	59432181	46	
12339	85821180		
12340	12215894	ab	
12341	48310593		
12342	85704698		
12343	11193246	df	
12344	47598941	e0	
12345	74582050	d8	
12346	10971759		
12347	47475363		
12348	73860462	73	
12349	19254117		
12350	46253216		
12351	72648810		
12352	9032529		
12353	45531624	e4,207a	
12354	71525232	f5	
12355	8910971	bd	
12356	34318086	20a2	
12357	71703785	13a	
12358	7198399	20a2	
12359	33282498		
12360	60681103		
12361	6075801		
12362	33460840	52	
12363	69868555		
12364	6853254		
12370	94919024	df	
12371	20403123	9f	
12372	67808837	9f	
12373	93892436	9f	
12374	20281581	9f	
12375	56675280	9f	
12376	92170894	9f	
12377	29169993	9f	
12378	55553602	9f	
12379	92958307	9f	
12382	87835759		
12383	23220863	6e	
12384	50619462		
12385	86013171	d2	
12386	12408276	d2	
12387	59496924	d2	
12388	85991529	d2	
12389	12385638	d2	
12390	48770333	d3	
12391	84769941	d3	
12392	11163040	d3	
12393	47558785		
12394	84046493		
12395	10441498		
12396	47435107		
12397	73820802		
12399	46613515	a4	
12400	72708264	9f	
12401	9106362	9f	
12402	45591967	9f	
12403	71985676	9f	
12404	8384771	9f	
12405	34379489	9f	
12406	71863024	9f	
12407	7268133	9f	
12408	33656832	98	
12409	41546	6e,af	
12410	46035545	6e,af	
12411	73534250	33	
12412	9929398	33	
12413	45313993		
12414	72318602		
12415	8706701		
12416	35191415		
12417	71696014		
12418	7084129		
12419	34079868	c7,f9	
12420	60473572	e1	
12421	7868571	e1	
12422	33256280	e1	
12423	69351984	e1	
12424	96746083	f9	
12425	32134638	d8	
12426	69529337	e2	
12427	95923441	e2	
12428	32912040	e2	
12429	68406755	5c,e2	
12430	94801854	d9	
12431	21296502	62,10a2	
12432	67284107		
12433	94689206		
12434	20073910		
12435	56562619	2b	
12436	93966624		
12437	29951323		
12438	56346071		
12439	82744076		
12440	28139785		
12441	55623480	1d2	
12442	81612598	e1	
12443	28016193	e1	
12444	54401832	e1	
12445	80896940		
12446	17994645	1033	
12447	53389254	1033	
12448	80773359	1033	
12449	16172067	1045	
12450	42566602		
12451	85551711	6e	
12452	11050415		
12453	48444114		
12454	74839123	ad	
12455	10833828	ae	
12456	47222536	6e	
12457	73616671		
12458	111280		
12459	46500985		
12460	73594093	46,e1	
12461	9989792	e2	
12462	45383307	e2	
12463	72772445	e2	
12464	8267140		
12465	35261759		
12466	71650854	6e	
12467	7044562		
12468	34449261	46	
12469	60433216		
12470	7922915		
12471	33327029	e1,200	
12472	69711728	e1	
12473	96100333	e2	
12474	32104431	d6	
12475	69599136	4c	
12476	95083785		
12477	31472884		
12478	68477598	89,f2	
12479	94861297		
12480	21250202	99	
12481	67754901	99	
12482	93149655	99,db	
12483	20137754	e3	
12484	56532353	dd	
12485	93927067		
12486	29311166		
12487	55410871	cf,dd	
12488	22804410		
12489	68299524		
12490	95697223		
12491	21082832	cf	
12492	68077936		
12493	94561645	200	
12494	20960340		
12495	57354389		
12496	93749093		
12497	20747792	20a2	
12498	56132807	20a2	
12499	82627406	20a2	
12500	29021114	51	
12501	55010259	51	
12502	82404868		
12503	18809562	6e	
12504	54297661		
12505	81782376		
12506	17787975		
12507	54175023	52	
12508	80560728		
12509	16964437		
12510	43959432		
12511	89448140		
12512	16832845		
12513	42237854	89	
12514	78625592		
12515	15610297	e3	
12516	41114306	e3	
12517	78509901	e3	
12518	4998619	e3	
12519	40392714	e3	
12520	77387463	e3	
12521	3775068	e3	
12522	30270176	e3	
12523	72664875	e3	
12524	9659580	e3	
12525	35058588	e3	
12526	71442223	e3	
12527	8837932	e3	
12528	34325937	e3	
12530	7714344	9f	
12531	33103459	9f	
12532	60508057	ba	
12533	96592102	ba	
12539	95658967		
12540	21142671		
12541	67547370		
12542	94535485	6d	
12543	20920083		
12544	57314798	48,14b	
12545	93713837	48	
12546	29208536	48	
12547	56292140	48,89	
12548	82697249	48	
12549	29085954	48	
12550	55470553	48,7f	
12551	81974607	e5	
12552	18963306	107b,10e5	
12553	54358015	7b	
12554	81752019	e6	
12555	17141718	e6	
12556	54135423	e6	
12557	80630522	e6	
12558	16024176	e6	
12559	43413875	e6	
12560	89818984	e6	
12561	16802689	e6	
12562	42291297	e6	
12563	78785392		
12564	15180041	e7	
12565	41175645	e8	
12566	18563744		
12567	44968459		
12568	80352158	1066	
12569	17841166	1066	
12570	43845801		
12571	80230510		
12572	16625614		
12573	42023223	3066	
12574	79418928	3066	
12575	15502037	3066	
12576	42901635	e9,1066	
12577	78355370	a4	
12578	4740489	1066	
12579	41735184		
12580	77133792	1066	
12581	4628897		
12582	30012506		
12583	77411244		
12584	3405259		
12585	39890958		
12586	66399653		
12587	2783661		
12588	39778366		
12589	65172015		
12590	1561110		
12591	38955728		
12592	64450427	9f	
12593	91449532	9f	
12594	33833230	9f	
12595	69228245	9f	
12596	96622984	10f3	
12597	22011689	10f3	
12598	69105797	10f3	
12599	95500396	109a	
12600	21999001	e5	
12601	58383100	e5	
12602	94388754	e6	
12603	21772453	e6	
12604	57261568	e6	
12605	93665266	ea	
12606	20050865	ea	
12607	56049970	ea	
12608	83443619	ea	
12609	29838323	ea	
12610	55326322	ea,123	
12611	82321037	f9	
12612	18716735	e1	
12613	55100740	eb	
12614	81599449	eb	
12615	18993198	eb	
12616	44088292	eb	
12617	80476891	eb	
12618	17871506	3b	
12619	43266605	c1	
12620	80250319	d1	
12621	16759958	c9	
12622	42143067		
12623	79538761		
12624	15936370		
12625	42921475	1d2	
12626	78316184	2093	
12627	4810828		
12628	41209827	1046,1050	
12629	77693536	e1	
12630	4688231	e1	
12631	30086349		
12632	76471944	2b,9a	
12633	3966653	e6	
12634	39964797	ea	
12635	76359406	ea	
12636	2743001	ea	
12637	38148100	c9,123	
12638	65536818	9e	
12639	1621413	2073	
12640	38026562	eb	
12641	64414267	9c	
12642	90809975		
12643	37803970	f2	
12644	3298689	95,10db	
12645	30786387		
12646	66171432		
12647	3576031		
12648	39564736	46,e1	
12649	65959844		
12650	92353449	3b	
12651	38848158	c8	
12652	65236257	9c	
12653	91231901		
12654	37626500		
12655	64014615		
12656	90519313		
12657	27503418	17	
12658	63992027	e5	
12659	99397762	e5	
12660	26781870		
12661	52176579	ea	
12662	99274184	ea	
12663	25669282		
12664	51053997	c1	
12665	84442536	d1	
12666	20447641	aa	
12667	57831349	9e	
12668	83326048		
12669	29724053		
12670	56119752		
12671	82103466		
12672	19502505	6e	
12673	55997110	9f	
12674	81481818	a9	
12675	18486927	7,51	
12676	44874522	7,63	
12677	81269231	7	
12678	17663375	7	
12679	44052074	7	
12680	70147689	7	
12682	43930492		
12683	79324191	61	
12684	16719140	ed	
12685	42713844	10ed	
12686	78202553	10ed	
12687	5697558		
12688	41091257	ee	
12689	78080961	ee	
12690	4474060	10ee	
12691	30979619	10ee	
12692	77363314		
12693	3752422	9f	
12694	30757127	c008	
12695	66141736		
12696	2530830	e5,107b	
12697	39024589	10ec	
12698	65029288	99,9f	
12701	64207696	9f	
12702	91691605	c008	
12703	37780349	c008	
12704	64184058	c008	
12705	90579153	c008	
12706	26964762	c008	
12707	63362460	c008	
12708	99357565		
12709	26841274	46	
12710	52240819	10ec	
12711	99634927	10ec	
12712	25629622	10ec	
12713	51028231	10ec	
12714	88412339	10ec	
12715	24907044	10ec	
12716	51391183	7f,10ec	
12717	87390798	20ec	
12718	23784496	20ec	
12719	50179591	20ec	
12720	86578200	ec	
12721	13662809	20ec	
12722	59057953	10ec	
12723	25451652	ef	
12724	52840267	ef	
12725	88234365	ef	
12726	25339070	ef	
12727	51728779	ef	
12728	87112784	ef	
12729	14517422	ef	
12730	50501121	ef	
12731	87990236	ef	
12735	12262393	3066	
12736	45667991	98	
12737	81055000	9f	
12738	17540705	9f	
12739	44944304	9f	
12740	70939418	2016	
12741	17328157	2016	
12742	43722862	f0	
12743	70117860	f0	
12744	6205579		
12745	42600274	93	
12746	79094383	e5	
12747	5489987	e6	
12748	42878636	7	
12749	78872731	f1	
12750	4367330	f1	
12751	31755044	f1	
12752	77150143	f1	
12753	4145852	f1	
12754	30539496	f9	
12755	66938505	ea	
12756	3422200	ea	
12757	39817919		
12758	66815913		
12759	92200612		
12760	38695361		
12761	65193366	30b5	
12762	91588074		
12763	38572779		
12764	64977888		
12765	90365482		
12766	27750191		
12767	63845230		
12768	90243945		
12769	26638543		
12770	52022648	1d2	
12771	99427357	2093	
12772	25415052		
12773	52900000		
12774	88305705	10f2	
12775	25793414	f0	
12776	51788412	7,cf	
12777	87182127	7	
12778	14577226	f0	
12779	50065971	2b,9a	
12780	87460579	e6	
12781	13455674	ea	
12782	59843383	d9	
12783	86238081	99,f8	
12784	12632096	107b,10e5	
12785	49121795		
12786	85115440	f1	
12787	11510448	f1	
12788	48905153	f1	
12789	74393852	f1	
12790	11398951	124	
12791	47882565	95,e5	
12792	73271204		
12793	675319		
12794	46060017	f1	
12795	73055622		
12796	9553721		
12797	45948430		
12798	72332074	dc	
12799	8321183	b5	
12800	35726888		
12801	11110587		
12802	48605591		
12803	74003290		
12804	98905	e5	
12805	47482043	7	
12806	73881652	f1	
12807	276357		
12808	32360466		
12809	78765160	d9	
12810	5153769	d0	
12811	31548814	c5	
12812	78942513	9d	
12813	4931121		
12814	30426226		
12815	67820935		
12816	52900001		
12817	30603688	6e	
12818	66698383		
12819	92092092		
12820	39581190	ed	
12821	65976795	10ed	
12822	92970404	10ed	
12823	28369508	10ed	
12824	64753157		
12825	91258852	ee	
12826	27642961	20ee	
12827	54631665	ee	
12828	90036274	ff	
12829	26420373	2016	
12830	53819028	10f3	
12831	99913726	10f3	
12832	26308721	10f3	
12833	52792430	10f3	
12834	89181134	10f3	
12835	25586143	10f3	
12836	51570882	50,1046	
12837	88069597	f3	
12838	14463695	f3	
12839	51858200	f3	
12840	87246309	a9	
12841	13241004	5a,a9	
12842	40636712	ad	
12843	86120751	1d8	
12844	13529466	f4	
12845	49513164	f4	
12846	85908279	f4	
12847	12307878	f4	
12848	48791583	f4	
12849	75286621	f4	
12850	11270236	f4	
12851	47679935		
12852	74063034		
12853	458748		
12854	47457347		
12855	73941492	98	
12856	9336190	10db	
12857	36730805		
12858	72129804	f3	
12859	9113513		
12860	35618217	df	
12861	71007216	f0	
12862	8491961	f7	
12863	34496660	9a	
12864	61884774	b3	
12865	7279373	10ec	
12866	34773082	ad	
12867	60168186	ae	
12868	96157835	ba	
12869	33541430	e6	
12870	69946549	10f3	
12871	96334243		
12872	22829942	46	
12873	68823957	ed	
12874	95218695	10ed	
12875	21607304	10ed	
12876	68001309	ed	
12877	94096018		
12878	20584712	ee	
12879	53989821	10ee	
12880	39373426	20ee	
12881	66768175	9f	
12882	92767273	9f	
12883	28151978	2016	
12884	65646587	46,f2	
12885	91034681	ad	
12886	28039390	ad	
12887	54423935	ba	
12888	90812044		
12889	27217742		
12890	53701457	48	
12891	80796456	48	
12892	26194151	16,17	
12893	52589809		
12894	89974904	17	
12895	25472513		
12896	52467217		
12897	88851326		
12898	15256925		
12899	51644030		
12900	87639778	64	
12901	14124483	9,3008	
12902	40522482		
12903	87917187		
12904	13301895		
12905	49306994		
12906	76794549		
12907	12289247		
12908	49684352	98,10f2	
12909	75672051	98,2073	
12910	11067666	98,2017	
12911	48461764	98,1046	
12912	74850403	20f2	
12913	1344018	20f2	
12914	47349116	98	
12915	73734821	9f	
12916	122520	9f	
12917	36527535	9f	
12918	73511233	9f	
12919	9000988	9f	
12920	35494087	2016	
12921	62899696	2016	
12922	8284390	2016	
12923	35272499	10f3	
12924	61677004	10f3	
12925	7161742	10f3	
12926	34550857	f7	
12927	60954556	f7	
12928	97949165	f7	
12929	33334269	af	
12930	60832978	57	
12931	96227613	10f8	
12932	22211622	10f8	
12933	69610326	20f8	
12934	95004025	f9	
12935	22499034	f9	
12936	58984738	f9	
12937	94982447	f9	
12938	21377582	f9	
12939	57761191	f9	
12940	94160895	f9	
12941	20155904	f1	
12942	56649609	fa	
12943	83048208		
12944	29432356	c4	
12945	56827051	b4	
12946	82821760	15	
12947	18210764	f2	
12948	55705473		
12949	81109178		
12950	14558127		
12951	40542825	10c0	
12952	86937530	1d2	
12953	13331639	f8	
12954	49820233	9f	
12955	76815942	f7	
12956	12219047	10db	
12957	48608796	f7	
12958	15092394	ba	
12959	51497409	10af	
12960	88581108	f9	
12961	14970113	f1	
12962	41375811	f1	
12963	87769556	98	
12964	13758665	98	
12965	40252269	98	
12966	76647978	46	
12967	13035077		
12968	49430782	f9	
12969	75425320	f9	
12971	48308134	fa	
12972	75702749	fa	
12973	1197847	fa	
12974	47185546		
12975	74580251	c4	
12976	975299		
12977	37469904		
12978	73468603		
12979	9852718		
12980	36247316	10db	
12981	62645025	10db	
12982	9030160	ae	
12983	35125879	f9	
12984	61529473	f9	
12985	98918572	f1	
12986	34302287	fa	
12987	61397885	fa	
12988	97795930	fa	
12989	33280639	d6	
12990	60675348	d8	
12991	96073342	c4	
12992	23068051		
12993	69452756		
12994	96857854	80	
12995	2819436	fa	
12996	58330108	f5	
12997	95735217	7	
12998	21123811		
12999	58518520		
13000	84012625		
13001	20007374		
13002	57496978		
13003	83880087		
13004	20285786		
13005	56673480		
13006	82768499		
13007	19162134		
13009	82946847		
13010	18940556		
13011	44335251		
13012	81823360		
13013	17228908		
13014	44612603		
13015	17228909		
13016	16006416	10af	
13017	43490025	48,207f	
13018	79985120	ba	
13019	6983839		
13020	42378577	f2	
13021	74762582	ed	
13022	1151281	10ed	
13023	47556396	10ed	
13024	74640994	ed	
13025	35699	ee	
13026	37433748	10ee	
13027	73828446	10ee	
13028	9212051	20ee	
13029	36211150		
13030	62706865		
13031	9190563		
13032	35595518		
13033	61583217	118	
13034	98978921		
13035	34472920		
13036	1861629	101	
13037	37256334	9f	
13038	73240432	c3	
13039	645087	51,93	
13040	36033786	93	
13041	63528891		
13042	9523599		
13043	35911108		
13044	62306203		
13045	98700941	fb	
13046	35199656	fb	
13047	61283655	fb	
13048	97688360	fc	
13049	24073068	fc	
13050	60461077	fc	
13051	97466712	3e	
13052	23850421		
13053	60349525		
13054	96733134	99,20f8	
13055	22138839	10f3	
13056	59123937	af	
13057	95511642	fd	
13058	22916281	fd	
13059	58400390	fd	
13060	84899094	fd	
13061	21893603	fd	
13062	57288708	fd,fe	
13063	84673417	38	
13064	10071151	38	
13065	56166150	38	
13066	83550869	38	
13067	19959563		
13068	56343672		
13069	82738277	8a	
13070	18837926		
13071	45221020		
13072	81616639		
13073	18000338		
13074	44009443		
13075	70493141		
13076	17988746		
13077	43387895	1050,20f8	
13078	70771599	ff,20f8	
13079	6766208	10af	
13080	42160203	13b,20f8	
13081	79559912	10af	
13082	5043010	190	
13083	32448765	fb	
13084	78437364	fc	
13085	5821478	170	
13086	31226177	fd	
13087	77610772	fd	
13088	4709881	fd	
13089	30194529	fd	
13090	67598234	d	
13091	3987233		
13092	35371948	fb	
13093	62376646	fc	
13094	98864751		
13095	35259350	125	
13096	61654098	fe	
13097	97648103	fe	
13098	24037702		
13099	60431417		
13100	97926515		
13101	23314220	106e	
13102	69319869		
13103	96704974		
13104	22198672		
13105	59687381		
13106	95081386		
13107	21076084	fb	
13108	58464739		
13109	84869738	f8	
13110	21254443	fe	
13111	57348141		
13112	83747250		
13113	10131855	6	
13114	56526564	4c	
13115	23924608		
13116	59919307		
13117	96404912		
13118	22802010		
13119	58297729		
13120	645088	51	
13121	21686473	10af	
13122	58074177	99,f8	
13123	84569886	1c8,10af	
13126	83347294	99	
13127	10731333	99,9f	
13128	46136942	99,9f	
13129	82224646	99,9f,1017	
13130	19619755	98,9f	
13131	45014450	50,99,f8	
13132	72402069	1c8,10af	
13133	18897163	1c8,10af	
13134	44891812	9a	
13135	71386411	9a	
13136	17775525	9a	
13137	44179224	10ec	
13138	70564929	20ec	
13139	6552938	ba	
13140	43047672	ba	
13141	79441381	2b	
13142	6830480	2b	
13143	32825095		
13144	78229193	119f	
13145	5614808	119f	
13146	31102447	4	
13147	68507541	4	
13148	4591250	4	
13149	31980955		
13150	67385964	1019	
13151	3779662	1019	
13152	30864377	1019	
13153	66262416	c008	
13154	93657021	c008	
13155	39041729		
13156	65430834		
13157	92435533	4a	
13158	28929131	4a	
13159	65314286	4a	
13160	91712985	4a	
13161	27107590		
13162	54191698	48	
13163	90590303	48	
13164	23085002	48	
13165	59479050	48,178,1ae	
13166	95474755	48	
13167	22862454		
13168	58257569	3b	
13169	85651167	3b	
13170	21140872	3b	
13171	57135971	3b	
13172	84539520	4	
13173	10928224	4	
13174	57312333	4	
13175	83407038	4	
13176	19801646		
13177	46290741		
13178	82685480	179	
13179	19089195	17a	
13180	45078193	4093	
13181	82562802	4093	
13182	18967507	4093	
13183	44352516	4093	
13184	71340250	16	
13185	17745969	1016	
13186	44139064	16	
13187	70628672	16	
13188	6022371		
13189	43017476		
13190	79402185	100	
13191	6890729	100	
13192	32295838		
13193	18789533		
13194	45778242		
13195	71172240		
13196	8567955		
13197	44956694		
13198	70950698		
13199	7445307		
13200	43839002	118	
13201	70238111		
13202	6622715	101	
13203	32617464		
13204	79016563		
13205	70950699		
13206	32995276		
13207	68989981		
13208	4388680	106	
13209	31772684	106	
13210	67267333	106	
13211	94666032	106	
13212	30650147	106	
13213	67045745	107	
13214	93449450	107	
13215	39838559	107	
13216	66322203	107	
13217	92327802		
13218	29716911		
13219	65100616		
13220	91505214	fb	
13221	28593329		
13222	54088068	fc	
13223	91482773		
13224	27877771		
13225	53266486	102	
13226	80250185	102	
13227	26655293	102	
13228	53143898	103	
13229	89538537	103	
13230	25533642	103	
13231	52927340	103	
13232	88316955	104	
13233	15710054	104	
13234	51205763	104	
13235	83293307	104	
13236	10698416	104	
13237	46083111	104	
13238	83477829	fe	
13239	19476824	105	
13240	45960523	105,1da	
13241	72355272	105,11f	
13242	18743376	105	
13243	45148985	105	
13244	71133680	74,75	
13245	18621798	1081	
13246	44026393	101b	
13247	70410002		
13248	7805147		
13249	43803845		
13250	70298454		
13251	6783559		
13252	32181268		
13253	79176962		
13254	5560911		
13255	32965616		
13256	68353324	78	
13257	4848423		
13258	31833038	10f	
13259	67231737		
13260	94626871	fb	
13261	30010480	fc	
13262	66015185		
13263	93503294	103	
13264	39998992	104	
13265	66393507	104	
13266	92781606	104	
13267	28776350		
13268	65170459		
13269	91665064		
13270	28053763		
13271	54458867		
13272	31443476		
13273	67831115	fe	
13274	93236220	fe	
13275	20720928	105	
13276	66719533	105	
13277	93104632		
13278	29508346		
13279	65993085		
13280	92481084		
13281	28486799		
13282	55870497	60	
13283	91269402	93	
13284	27664101		
13285	54658815		
13286	80143954	103	
13287	27541563	103	
13288	53936268		
13289	89320376	fe	
13290	16329071	fe	
13291	52714670	105	
13292	89208725		
13293	15693423		
13294	51091138		
13295	88086137		
13296	14470845	f	
13297	28053764		
13298	93104633		
13299	29843092	f	
13300	29843092	f	
13301	30650148	106	
13302	13536606		
13303	49930315		
13304	76029419	10af	
13305	2414168		
13306	13536607		
13307	71207871	103d	
13308	7291576	103d	
13309	44686185	103d	
13310	70180284	103d	
13311	6579928	103d	
13312	33964637	103d	
13313	79968632	3d	
13314	6357341		
13315	32841045	108	
13316	68246154	108	
13317	5230799	108	
13318	31629407	108	
13319	68024506	108	
13320	94418111	108	
13321	30907810	108	
13322	67901914	108	
13323	93356623	108	
13324	20745268	108	
13325	66149377	108	
13326	92534075	108	
13327	29628180	108	
13328	65017789	109	
13329	92411493	109	
13330	28806532	109	
13331	54895237	109	
13332	91299846	109	
13333	27784944	109	
13334	54178659	109	
13335	80577258	109	
13336	27561302	109	
13337	53956001	109	
13338	89355716	109	
13339	16849715	109	
13340	52834429	109	
13341	89238128	93	
13342	15627227		
13343	51011872	fb	
13344	88406570	fc	
13345	14505685	93	
13346	41999284	a4	
13349	40177746		
13350	16261341	10a	
13351	53666449		
13352	89055154		
13353	15449853	10a	
13354	42444868	10a	
13356	15327215	3d	
13357	41721210	10a2	
13358	87116928		
13359	14105623	99,10f2	
13360	40509732		
13361	77994337		
13362	13482075	106	
13363	49477180	106	
13364	76871889	106	
13365	2266498	106	
13366	49655592	107	
13367	75059201	107	
13368	2144946	107	
13369	38532954	107	
13370	74937659	10ed	
13371	1322368	ee	
13372	37310367		
13373	74715061		
13374	209710		
13375	36694815		
13376	63092423		
13377	5087128	102	
13378	32472237	102	
13379	68860936	10b	
13380	94365540	10b	
13381	31759689	10b	
13382	67744384	10b	
13383	94142993	10b	
13384	20537097	10c	
13385	66022706	10c	
13386	93020401	10c	
13387	29415459	10c	
13388	56809158	10c	
13389	92204263	10c	
13390	28692962	10c	
13391	55787576	fe	
13392	91182675	10d	
13393	28570310	10d	
13394	54965929	10d	
13395	80959027	10d	
13396	27354732	10d	
13397	53842431	10d	
13398	80237445	97	
13399	16632144		
13400	53620899		
13401	89015998		
13402	15419596		
13403	42908201		
13404	88392300	e	
13405	15397015		
13406	41782653		
13407	87170768		
13408	14575467		
13409	40669071	101	
13410	77058170		
13411	13452889	45	
13412	49847524		
13413	76232522		
13414	2220237		
13415	49725936		
13416	75119040	10b	
13417	1508649	103	
13418	38502358	10c	
13419	74997493		
13420	1482001		
13421	37880706		
13422	73275815	89	
13423	269510		
13424	36668118		
13425	63053267		
13426	9547962		
13427	35546670	fe	
13428	2930675	fe	
13429	38325384		
13430	75719089	107a	
13431	1118137	52	
13432	38203732	f2	
13433	64697431		
13434	96540		
13435	37480144		
13436	63875853		
13437	879958		
13438	36368606	118	
13439	62753201	10f	
13440	99157310	10b	
13441	35146019	103	
13442	62530723	fe	
13443	98935722	fe	
13444	24429467		
13445	61818176	8d	
13446	97803170	45	
13447	24207889		
13448	50696588		
13449	92080692		
13450	29185231		
13451	55573346		
13452	75119041	10b	
13453	28363749		
13454	54757758		
13455	81846453		
13456	27240101		
13457	54635100		
13459	16428514	ed	
13460	53413628	101	
13461	89907227	119f	
13462	16306932	99	
13463	42790071	103	
13464	89785779	1a6	
13465	15173384		
13466	41578483	1a6,1110	
13467	78063197	46,110	
13468	14457896		
13469	41456841		
13470	77840540		
13471	13235258		
13472	40634253		
13473	76728962		
13474	3113667		
13475	49511705		
13476	75906310	111	
13477	2390019	f	
13478	38395123	f	
13479	75884822	f	
13480	1278431	7	
13481	37663536	7	
13482	64061284	7,46	
13483	56889		
13484	37440988	2034	
13485	63945693	188	
13486	9334391	34	
13487	36328300	34	
13488	89907228		
13489	99111753		
13490	35606858	45	
13491	62000467	1019	
13492	98095162	38	
13493	24484270	1047	
13494	61888819	100a	
13495	97273514	56	
13496	24361622	69	
13497	50756327	6e	
13498	96150936	71	
13499	23545031	74,75	
13500	59934749	107a	
13501	86938484	9d	
13502	22423493	aa	
13503	58811192	40b5	
13504	85216896	c4	
13505	21200905	c9	
13506	58699500	b1	
13507	24094258	e1	
13508	50588353	ea	
13509	97973962	1d8	
13510	23971061		
13511	50366775		
13512	86750474	fb	
13513	22159429	fb	
13514	59644128	fc	
13515	85638822	fc	
13516	12023931		
13517	58421530		
13518	84816244		
13519	11801343		
13520	53309998		
13521	80794697		
13522	16188701		
13523	43583400		
13524	89571015	e5	
13525	15066114		
13526	42461852	118	
13527	78859567		
13528	15844566	101	
13529	41248270		
13530	77637979		
13531	84816245		
13532	40516623		
13533	77511331		
13534	3909436	106	
13535	49394035	106	
13536	76798740	106	
13537	2287848	106	
13538	39271553	107	
13539	75676192	107	
13540	1061200	107	
13541	38459905	107	
13542	64454614		
13543	1948619	8	
13544	37337327	43	
13545	63731062	119f	
13546	90126061	48	
13547	36111775	f2	
13548	63509474		
13549	99004583		
13550	35498188		
13551	62487836		
13552	98881931	55	
13553	27198002		
13554	61665245		
13555	98169343	fb	
13556	24154052		
13557	50548657		
13558	97947705		
13559	23331400		
13560	50426119		
13561	86825114	fb	
13562	22219822	fb	
13563	59604521	fb	
13564	85008676	fc	
13565	12097275	fc	
13566	58582979		
13567	84976088		
13568	11375683	10b	
13569	57769391	103	
13570	84754430	10c	
13571	10158145	112	
13572	46647144	fe	
13573	83032858	400d	
13574	19036557	400d	
13575	46425662	400d	
13576	72819261	400d	
13577	18214905	400d	
13578	45702014	400d	
13579	71797713	400d	
13580	8192327	113	
13581	44586426	28	
13582	70975131		
13583	7969770		
13584	43464884		
13585	10852583		
13586	46247282		
13587	73642296		
13588	19636995		
13589	45025640		
13590	72529749	170	
13591	4914353		
13592	41302052	fb	
13593	77307161	fb	
13594	3792766	fb	
13595	30286474	fc	
13596	76685519	103	
13597	3679218	112	
13598	39064822	ac,112	
13599	75452921	112	
13600	2857636	112	
13601	38342335	112	
13602	65330383	112	
13603	1735088	58	
13604	37129797	8e	
13605	64514892		
13606	90512490		
13607	37007105	93	
13608	63492244	fb	
13609	99890852	fb	
13610	26285557	fc	
13611	62279666	fe	
13612	99674361	fe	
13613	25163979	fe	
13614	61557074	113	
13615	98552723	be	
13616	24940422		
13617	51335426		
13618	97729135		
13619	24224830		
13620	50213848		
13621	86607583		
13622	23002292		
13623	59490397		
13624	86885905	103	
13625	12989604	fe	
13626	58374719	fe	
13627	85763457	fe	
13628	11167052		
13629	48152161	ef	
13630	84640866	4c	
13631	10045474		
13632	47439573		
13633	83828288		
13634	10813327		
13635	23331401		
13636	46647145	fe	
13637	44586427	28	
13638	45195443	3008	
13639	72589042		
13640	8978197		
13641	44373896		
13642	71867500		
13643	7852509		
13644	34250214	8e	
13645	70645913	8e	
13646	6039967	8e	
13647	33438666	8e	
13648	79523365	8e	
13649	6917479	8e	
13650	32302078	8e	
13651	69700783	8e	
13652	5795882	8e	
13653	31189536	8e	
13654	68688135	8e	
13655	94073244	114	
13656	31467949	114	
13657	67466547	114	
13658	93850652	114	
13659	20345391	114	
13660	66740005	114	
13661	93738004	114	
13662	25123713	114	
13663	1527418	114	
13664	38916526	114	
13665	64400161		
13666	91405870	114	
13667	37890974	114	
13668	63288573	1115	
13669	90673288	1115	
13670	26077387	1115	
13671	63166095	115	
13672	99550630	115	
13673	25955749	115	
13674	52340444	115	
13675	98338152	115	
13676	25733157	115	
13677	51227866	115,1ae	
13678	97616504	115	
13679	24010609	115	
13680	50005218	115	
13681	52340445	1115	
13682	23898021	176	
13683	50383626		
13684	86377375		
13685	12766474		
13686	59160188		
13687	85555787		
13688	59160189		
13689	48048590		
13690	84433295		
13691	11827244	46	
13692	47226949		
13693	74210057	a5	
13694	10705656		
13695	46104361	93	
13696	73558460	118	
13697	19943114	118	
13698	46947713	101	
13699	72336818		
13700	8820526	9f	
13701	45215225	a9	
13702	71614230		
13703	8608979		
13704	34093683	106	
13705	70491682	106	
13706	7986397	106	
13707	33971095	106	
13708	60375194	106	
13709	6764709	107	
13710	33158448	107	
13711	69553552	107	
13712	5641251	107	
13713	32036866	107	
13714	68431965		
13715	95825679	45	
13717	67218327		
13718	94703021		
13719	20191720	fc	
13720	67586735	fc	
13721	93581434	fc	
13722	29975188	1093	
13723	56364287	1093	
13724	92868896	29	
13725	29253591	29	
13726	55241609	116	
13727	91646304	116	
13728	28031913	116	
13729	54525057	116	
13730	81524756	116	
13731	27918365	fe	
13732	53303460	117	
13733	80701178	117	
13734	12196873	105	
13735	59281822	113	
13736	85679527		
13737	11074235		
13738	48468330		
13739	84453939		
13740	11851647		
13741	47346782	12	
13742	24731391	93	
13743	50139096		
13744	86124104		
13745	13518809		
13746	59913418	f8	
13747	86401517		
13748	12496261	29	
13749	48891960	29	
13750	85289965	10f	
13751	11674673	93	
13752	48068378		
13753	74163487		
13754	10552026	fc	
13755	47946130	fc	
13756	73341839	10f	
13757	739444		
13758	46724542	1093	
13759	72228247	116	
13760	9617996	116	
13761	45002991	116	
13762	72006609	10c	
13763	8491308	1115	
13764	34989413		
13765	71384012		
13766	7778726		
13767	34767865	118	
13768	60162470		
13769	6556178	10f	
13770	33041277	93	
13771	69039982	116	
13772	96434581	116	
13773	32828635		
13774	69217334		
13775	95612049		
13776	31706048	fe	
13777	68191756	fe	
13778	94599451		
13779	21984400		
13780	67378104		
13781	93377803		
13782	20862918		
13783	56256517		
13784	93655221		
13785	29649320		
13786	55034079		
13787	82428674	94	
13788	28927782	29	
13789	55312487	116	
13790	81306186		
13791	27705190	fe	
13792	54199839	105	
13793	80584548		
13794	17688543		
13795	53077251		
13796	89462956		
13797	94703022		
13798	48068379		
13799	34767866	118	
13800	15744417		
13801	41139112		
13802	78527720		
13803	14512825		
13804	41916534		
13805	73405179		
13806	899287		
13807	46294982		
13808	72283691		
13809	9677699		
13810	45072394		
13811	72566043		
13812	8955148		
13813	34959756		
13814	71344451		
13815	7733560	4a	
13816	34137269	4a	
13817	60222213	4a	
13818	6616912	4a	
13819	33015627	4a	
13820	9409625		
13821	36894320		
13822	72883039		
13823	8387138	48	
13824	35772782	48	
13825	71166481	48	
13826	8165596	48,55,107b	
13827	34559295		
13828	60944809	16c	
13829	7443908		
13830	33837653		
13831	60822251		
13832	96220350		
13833	32615065		
13834	69109764		
13835	95504778		
13836	22593417	170	
13837	68987122	10f	
13838	95372220		
13839	21770839	99	
13840	67865534	98	
13841	94259633	110	
13842	20654247	cf,dd	
13843	57043986	dd	
13844	93437091		
13845	29432790		
13846	56920308		
13847	82315403	93	
13848	29719112	93	
13849	55704856	46,93	
13850	81193865		
13851	18597560	94	
13852	54082269	33	
13853	81470373	33	
13854	17465972	33	
13855	53860621		
13856	80254726	123	
13857	16643334	55	
13858	43147039	55	
13859	89132148	55	
13860	15520842	55	
13861	42925441	55,a5	
13862	78310590	10ec	
13863	15308295	10ec	
13864	41803903	20ec	
13865	77297908	ec	
13866	4682617	10ec	
13867	40080312	9,3008	
13868	77075360	43	
13869	3560069		
13870	30968774		
13871	76353872		
13872	2347477		
13873	39732186		
13874	75130221		
13875	2625939		
13876	34010534	118	
13877	60018643	118	
13878	7403341	118	
13879	33897356	101	
13880	60292055		
13881	96380700		
13882	32775808	45	
13883	69170403		
13884	95568112		
13885	22953211		
13886	68957925		
13887	94446564		
13888	21830679		
13889	67225377	119	
13890	94620082	119	
13891	20618081	119	
13892	56003780	119	
13893	93507434	11a	
13894	29996433	11a	
13895	56980148	11a	
13896	82385847	11a	
13897	28770951	7b	
13898	55168550	7b	
13899	21663205	2e	
13900	58657303	2e	
13901	94046012	11b	
13902	21441617	11b	
13903	57835716	11b	
13904	93920420	fe	
13905	20318029	11c	
13906	56713174	11c	
13907	83107873	11c	
13908	29596581	11c	
13909	55591586	11c	
13910	82085295	117	
13911	18474999	117	
13912	55878038		
13913	81263643		
13914	17257342		
13915	44656450		
13916	80141055		
13917	17535764		
13918	43534808		
13919	89928517		
13920	16313112	119	
13921	42717221	93	
13922	79206925	2e	
13923	15291624	11c	
13924	41685633	11c	
13925	78084378		
13926	4478086	1a0	
13927	41463181	119	
13928	77967790	11a	
13929	3356494	107b	
13930	30741503	11b	
13931	76145142	11b	
13932	3134857	11b	
13933	39528955	116	
13934	66023650	114	
13935	2411269		
13936	38406364		
13937	65801012	46,118	
13938	1295111	119	
13939	38784726	119	
13940	64178424	119	
13941	90173539		
13942	37561138	91	
13943	63956833	7b	
13944	90351981	11b	
13945	26845680	11b	
13946	62834295	11b	
13947	95238394	46,11c	
13948	21623008	115	
13949	58012707		
13950	94016752		
13951	20501450		
13952	57995165		
13953	93394164		
13954	20788863	119	
13955	56773577	91	
13956	82162616	7b	
13957	29666221	11b	
13958	55051920	11b	
13959	82045034	11c	
13960	18444733	11c	
13961	55838342	104,116	
13962	81223446	46	
13963	17722185		
13964	44716890		
13965	80101899		
13966	17509503		
13967	43994202		
13968	2625940		
13969	22953212		
13970	21830680		
13971	79266769		
13972	15661378		
13973	41659072		
13974	78144171		
13975	4538826	cf	
13976	41933425		
13977	17322533		
13978	43316238	11e	
13979	70711847	11e	
13980	16209941	11e	
13981	43694650	11e	
13982	79698395	11e	
13983	15083304	11e	
13984	42472002	107a	
13985	78876707	107a	
13986	5361816	107a	
13987	41359411	207a	
13988	77754169		
13989	4148264		
13990	30537973	10f3	
13991	77522571	ad	
13992	3026686	122	
13993	30411385	122	
13994	66809920	122	
13995	2204038	122	
13996	39299733	122	
13997	65687442	122	
13998	92182447		
13999	38576155		
14000	64961254		
14001	91969909		
14002	37354507	2b	
14003	64749612	2b	
14004	90247311	2b	
14005	26232916	61	
14006	63626024	61	
14007	99011763		
14009	52904476	11f	
14010	98999181	11f	
14011	25397880	11f	
14012	51782995	11f	
14013	88176533	11f	
14014	24175232	11f	
14015	50669347	11f	
14016	87054946	11f	
14017	23459650	11f	
14018	50847759	11f	
14019	82832464	11f	
14020	18236002	120	
14021	55725117	120	
14022	81119816	120	
14023	18514525	120	
14024	44509529	120	
14025	81997228	120	
14026	17382973	120	
14027	43886072	120	
14028	70875686	120	
14029	16269385	120	
14030	43664494	120	
14031	79059098	120	
14032	15447747	120	
14033	42542842	121	
14034	78936551	121	
14035	5325155	121	
14036	41729254	121	
14037	77714963	121	
14038	4103668	121	
14039	30607616	121	
14040	77092311	121	
14041	3486020	121	
14042	39475024	121	
14043	66870733	121	
14044	2364438	121	
14045	39753577	121	
14046	43664495	120	
14047	1142880	1093	
14050	91420202	3f,106	
14051	37414347	107	
14052	63813056	8	
14053	90207654	3042	
14054	26692769	10db	
14055	3096468		
14056	39185163		
14057	66570171		
14058	92964816		
14059	38363525		
14060	65357623		
14061	91742238		
14062	28240337	3b	
14063	64635042	45	
14064	90020780		
14065	27024795	a042	
14066	63413494		
14067	90807199	11e	
14068	26302107	11e	
14069	52350806	11e	
14070	99745551	11e	
14071	25140659	11e	
14072	52534264	11e	
14073	88923963	107a	
14074	24027078		
14075	51412776		
14076	87800375	207a	
14077	88923964	107a	
14078	50690129		
14079	86784733	93,1017	
14080	13173832	119	
14081	59577547	119	
14082	86962245	119	
14083	12950294		
14084	48355999	102,1017	
14085	85840608	9	
14086	11234702	27	
14087	48633301	27	
14088	74627016	27	
14089	11012154		
14090	43411769		
14091	79905468		
14092	6990577		
14093	42388271	fe	
14094	79783880	10d9	
14095	5177985	d9	
14096	41562624	d9	
14097	78661338		
14098	4055337	112,11b	
14099	31440046	120	
14100	77848740	71	
14101	3233859		
14102	30227494		
14103	66722103		
14104	3111207		
14105	39505816		
14106	65500515		
14107	92998610		
14108	38383368		
14109	65877963	117	
14110	91272072	fb	
14111	37261776	119	
14112	64655485	9,3008	
14113	90050480	9,3008	
14114	27548199	10f	
14115	63533837	93	
14116	99937842	27,52	
14117	26326541	d9	
14118	52711246	d9	
14119	99115354		
14120	25200959	93	
14121	52698008	93	
14122	88093706		
14123	24487411		
14124	51476410		
14125	87871125	119	
14126	14365823	fb	
14127	50750868	27	
14128	86148577		
14129	13143275		
14130	59537380		
14131	86926989	d9	
14132	12421694	1115	
14133	48815792	bf,10c0	
14134	25800447	46,119	
14135	51208046	fb	
14136	88693151	46,fb	
14137	14088859	9,46	
14138	50186558		
14139	87571563	fe	
14140	13965201	d9	
14141	40364916	d9	
14142	86758915	117	
14143	12743620		
14144	49238328		
14145	85636437		
14146	12021072		
14147	48015771		
14148	74414885		
14149	11908584		
14150	47393199		
14151	74798297	d9	
14152	786906		
14153	47171541	11b	
14154	73575650	ed	
14155	9064354		
14156	36458063		
14157	72453068		
14158	74627017	27	
14159	65500516		
14160	26326542	d9	
14161	51208047	fb	
14162	30114823		
14163	67508932	4a	
14165	39392286	64	
14166	66386380	64	
14167	92881099		
14168	39275698	64	
14169	65664792	64	
14170	91668401	2093	
14171	28053106	93	
14172	64442155	124	
14173	91946859	124	
14174	27331568	124	
14175	53325667	123	
14176	90724272	123	
14177	26118970	1123	
14178	53503015	123	
14179	99092624	123	
14180	26096328		
14181	52481437		
14182	88875132		
14183	25274141		
14184	51369889		
14185	88753594	df	
14186	14152693	df	
14187	50546208	df	
14188	87931906	46,df	
14189	13935001	df	
14190	13935002	df	
14192	12213463	1123	
14193	49202162	cf,10cf	
14194	85696777	64	
14195	12081875	11c	
14196	48589580	10a	
14197	74974229	c	
14198	11969228	29	
14199	47363932	24	
14200	74752631	3d	
14201	146746		
14202	46241344	79	
14203	73639099	8a	
14204	9024198	10af	
14205	36429703	ba	
14206	72813401	2016	
14207	8802510	c1	
14208	35306215	ef	
14209	71791814	108	
14213	47963370	a2,cf	
14214	73452089	6e	
14215	856784		
14216	36841733	3008	
14217	73239437		
14218	9634146	2066	
14219	35129241	a3	
14220	62517849	48,107f	
14221	8512558	54,59,82,139	
14222	35906693		
14223	61391302	99	
14224	7799906	9f,125	
14225	34884015	f2	
14226	60279710	93	
14227	97677329		
14228	33062423		
14238	53490455	119	
14239	89484053	119	
14240	26889158	119	
14241	52277807	119	
14242	89662401	119	
14243	25166510	119	
14244	52155219	119	
14245	88540324	119	
14246	14934922	119	
14247	51339637	119	
14248	87327776	119	
14249	14812471	119	
14250	40216089	51	
14251	86605184	52,190	
14252	13090893		
14253	49094491	119	
14254	76589546		
14255	12977245	103	
14256	48372950	11a	
14257	75366958	11a	
14258	11755663	11a	
14259	48150362	c008	
14260	74644400		
14261	39015		
14262	47027714	27,104f	
14263	73422829	10dc	
14264	816427	2c	
14265	36205132	114	
14266	72700231	121	
14267	9794980	112	
14268	35183584	fe	
14269	62587693	104	
14270	8972398		
14271	34966096	cf	
14272	61465001		
14273	7850740	73	
14274	34244455		
14275	60643553		
14276	97637162		
14277	33022867		
14278	69526976		
14279	96915510	117	
14280	22900219	11a	
14281	69394324	c008	
14282	95793022	fd	
14283	21187631	103	
14284	58672736	11a	
14285	94677445	fd	
14286	21065189	190	
14287	57450198	20dc	
14288	93854893	11b	
14289	20343502	71	
14290	56337500	93	
14291	23732205		
14292	69121954	11a	
14293	95515058	fc	
14294	22510667	fc	
14295	58004362	8	
14296	95493471	dc	
14297	21887175	10c,116	
14298	57282724		
14299	84271823		
14300	20665527		
14301	57160136	118	
14302	83554231	119	
14303	15543940	46	
14304	52947044	46	
14305	88332693		
14306	15721392	dc	
14307	51225407	121	
14308	88210105	18	
14309	14604710	fe	
14310	40003819		
14311	87497553	116	
14312	13482262	117	
14313	40971261		
14314	76375976		
14315	12760674		
14316	49154689		
14317	75153328		
14318	2547033	103	
14319	48032131		
14320	74431740		
14321	1825445	dc	
14322	47810543	108	
14323	74218258	109	
14324	703897	11b	
14325	36197902	fe	
14326	73192600	fe	
14327	9581215	89	
14328	36975314		
14329	62370023		
14330	8868767		
14331	76589547		
14332	61248471	45	
14333	98642179		
14334	34031284	f	
14335	60025883		
14336	97520532	1083	
14337	33918636	9a	
14338	60303245	119	
14339	96708940	2016	
14340	23792058	2016	
14341	69181753	9f,a4	
14342	95685352		
14343	22070401		
14344	58468105	ad	
14345	95463814	145	
14346	21858819	48,7f	
14347	57246528	17	
14348	84731222		
14349	20735371		
14350	60025884		atk=0,def=0
14351	83518674	11e	
14352	29913783	d3	
14353	56308388	126	
14354	82496097	126	
14355	19891131	126	
14356	55285840	126	
14357	81670445	126	
14358	18678554	126	
14359	44163252	122	
14360	81558967	122	
14361	17956906		
14362	43341600		
14363	70335319	db	
14364	16720314	125	
14365	43228023	dd	
14366	79613121	a2,cf	
14367	5008836	de	
14368	42006475	13a	
14369	18491580	3b	
14370	45885288		
14371	81384993	23	
14372	18378992	23	
14373	44763696	23	
14374	70168345		
14375	13556444	a3	
14376	49941059		
14377	76045757		
14378	2434862	e3	
14379	48829461	23	
14380	75223115	23	
14381	1218214	e3	
14382	38606913	e3	
14383	74191528		
14386	73979030		
14387	373085		
14388	36768783		
14389	62256492	c0	
14390	9251497		
14391	35645105	127	
14392	62034800	127	
14393	98439949	127	
14394	34923554	127	
14395	61912252	127	
14396	97316367	127	
14397	24701066	127	
14398	60195675	127	
14399	97584719	127	
14400	23689428	127	
14401	69073023	127	
14402	96462121		
14403	22866836		
14404	59851535	128	
14405	95245544	128	
14406	21744288	128	
14407	58139997	128	
14408	84523092	128	
14409	21522601	128	
14410	57916305	128	
14411	83301414	128	
14412	10805153	128	
14413	56894757	128	
14414	83289866	128	
14415	19673561	128	
14416	55072170	128	
14417	82466274	129	
14418	18551923	129	
14419	45955628	129	
14420	81344637	129	
14421	17739335	129	
14422	44133040	129	
14423	70122149	129	
14424	17616743	129	
14425	43011492	129	
14426	79400597	129	
14427	6494106	129	
14428	42899204	129	
14429	79383919	129	
14430	5772618	2016	
14431	32176662	123	
14432	78161361		
14433	4550066		
14434	31944175		
14435	77449773	118	
14436	4433488	118	
14437	30822527	101	
14438	66226132		
14439	3611830	6e,12a	
14440	39000945	12a	
14441	66104644	12a	
14442	92559258	12a	
14443	38943357		
14444	65342096	12a	
14445	91336701	6e	
14446	24721709		
14447	220414	9f	
14448	36614113	af	
14449	63009228		
14450	9097866		
14451	36492575	12b	
14452	62886670	12b	
14453	98371278		
14454	35770983	11a	
14455	61764082	11a	
14456	98159737	12c	
14457	24557335	12c	
14458	60942444	12c	
14459	97036149	12c	
14460	23431858	12c	
14461	50820852	12d	
14462	96214561	12d	
14463	23619206	12d	
14464	59707204	12d	
14465	95192919	12d	
14466	22586618	12d	
14467	58981727	b3	
14468	85970321	b3	
14469	21364070	b3	
14470	57869175	31	
14471	84257883	15	
14472	10642488		
14473	57647597	3c	
14474	83035296		
14475	19420830		
14476	46924949		
14477	82319644		
14478	19307353		
14479	45702357		
14480	71197066		
14481	18585765		
14482	44680819		
14483	71074418	128	
14484	17469113		
14485	43857222		
14486	70252926	31	
14487	6247535	10f	
14488	43735670	12b	
14489	79130389	12b	
14490	5524387	12b	
14491	32519092	12c	
14492	78917791	12c	
14493	5402805	12c	
14494	31897444		
14495	68295149	45	
14496	4280258		
14497	30674956	bf,10c0	
14498	67073561		
14499	3567660		
14500	30552375		
14501	66947913	119	
14502	92345028	119	
14503	39730727	12c	
14504	65124425		
14505	92223430	12d	
14506	28617139	12d	
14507	64002884	12d	
14508	91407982		
14509	27895597	31	
14510	54880296	b3	
14511	90384300		
14512	26773909		
14513	53167658		
14514	99162753		
14515	26557451		
14516	52945066	12b	
14517	84430165	12b	
14518	21834870	12c	
14519	57823578	12d	
14520	84218527	31	
14521	10612222	b3	
14522	56001930		
14523	83195035		
14524	19590644		
14525	46984349		
14526	22373487		
14527	59778096	fe	
14528	85862791		
14530	58655504		
14531	84040113		
14532	11434258		
14533	57433966	11e	
14534	83928661	11e	
14535	10312660	11e	
14536	46701379	122	
14537	83705073	122	
14538	19190082	122	
14539	45584727	122	
14540	72083436		
14541	18478530		
14542	45462149	101	
14543	71861848	119	
14545	44640691	12a	
14546	70744296		
14547	7133305		
14548	43528009		
14549	79922118		
14550	6311717	12e	
14551	32305461	12e	
14552	79890560	12e	
14553	5298175	12e	
14554	31683874	12e	
14555	68078978	12e	
14556	4072687		
14557	31461282		
14558	67955331		
14559	94350039	27	
14560	30348744	27	
14561	66733743	27	
14562	93138457		
14563	39622156	48	
14564	66011101	48	
14565	92015800	48	
14566	28400508	48	
14567	65899613	12f	
14568	91283212	12f	
14569	28388927	12f	
14570	54772065	12f	
14571	90161770	12f	
14572	27565379	12f	
14573	53950487	12f	
14574	80949182	12f	
14575	26443791	12f	
14576	52838896		
14577	89226534		
14578	25221249	12f	
14579	52615248		
14580	88000953		
14581	14509651		
14582	51993760		
14583	87988305		
14584	14386013		
14585	40771118		
14586	86165817	6008	
14587	13650422	6008	
14588	45659520	6008	
14589	72043279	f8	
14590	18438874		
14591	45836982	21	
14592	71821687		
14593	17315396		
14594	44710391	21	
14595	70109009	1021	
14596	7593748	1083	
14597	43598843	1083	
14598	79086452	1083	
14599	6471156	83	
14600	32875265	83	
14601	79864860	10f3	
14602	5259518	10f3	
14603	31643613	f3	
14604	8148322	46,f3	
14605	44536921	f3	
14606	71521025		
14607	7925734		
14608	33314479		
14609	70709488		
14610	6203182		
14611	33298291		
14614	32476603	102	
14615	68464358	102	
14616	5969957	102	
14617	31353051	102	
14618	67748760		
14619	94136469		
14620	30131474	10f	
14621	67526112		
14622	93014827		
14623	20419926		
14624	66403530	170	
14625	92892239	10f	
14626	29296344	10f	
14627	65681983		
14628	92176681		
14629	28174796	12b	
14630	54569495	12b	
14631	91953000	12b	
14632	27352108		
14633	54446813	11a	
14634	80831552	11a	
14635	26236560	130	
14636	53624265	130	
14637	89019964	1130	
14638	16003979	1019	
14639	52502677	1019	
14640	88996322	1019	
14641	15381421		
14642	51786039		
14643	88774734		
14644	14169843	c9	
14645	40663548	c9	
14646	87052196	12c	
14647	13046291	304e	
14648	40441990	fe	
14649	76830505	127	
14650	13224603		
14651	49729312		
14652	75713017		
14653	2102065		
14654	48596760		
14655	75991479		
14656	1980574		
14657	47474172		
14658	74879881		
14659	263926		
14660	33652635	1019	
14661	79656239	c9	
14662	5041348	12c	
14663	32530043		
14664	68934651	190	
14665	5329790		
14666	31313405	119	
14667	67712104	12b	
14668	94207108	12b	
14669	30691817	12b	
14670	67680512	1130	
14671	93084621	1130	
14672	29479265	130	
14673	66863374		
14674	92362073	7b	
14675	29357687	129	
14676	65741786		
14677	91140491		
14678	28534130	119	
14679	54529134	119	
14680	91027843	12b	
14681	27412542		
14682	54807656	1130	
14683	20201255	1019	
14684	66290900	1019	
14685	93684009	19	
14686	29189613	c9	
14687	56577312	e	
14688	92562411	fe	
14689	28957126	129	
14690	55351724		
14691	91740879		
14692	28234578		
14693	54239282		
14694	80627281	12b	
14695	27012990	12b	
14696	53417695	130	
14697	80801743	130	
14698	16990348	1019	
14699	52394047	19	
14700	89789152	7b,1ab	
14701	15177750		
14702	42172465		
14703	88667504		
14704	14055212		
14705	41440817		
14706	87844926		
14707	14839621		
14708	40227329	10af	
14709	76722334		
14710	13117073		
14711	49105782		
14712	76500786		
14713	2994495		
14714	49389190	131	
14715	75888208	131	
14716	1872843	131	
14717	38267552	131	
14718	74665651	131	
14719	1050355	131	
14720	37444964	131	
14721	73539069		
14722	938717		
14723	36322312		
14724	63717421		
14725	9715126		
14726	35100834	89	
14727	62694833	79	
14728	98093548	79	
14729	35488287	79	
14730	61472381	79	
14731	93877990	79	
14732	20265095	79	
14733	66750703	7c	
14734	93754402	7c	
14735	29143457	7c	
14736	55538156	7c	
14737	92932860	9f	
14738	28427869		
14739	55415564	af	
14740	91800273		
14741	27204311		
14742	54693926		
14743	80088625		
14744	27182739	132	
14745	53577438	132	
14746	80965043	132	
14747	16360142	132	
14748	52354896	132	
14749	89743495	132	
14750	15248594	132	
14751	42632209	132	
14752	88021907	132	
14753	14025912	132	
14754	41410651	132	
14755	87804365	132	
14756	14393464	132	
14757	40398073	133	
14758	76782778	133	
14759	13171876	133	
14760	49575521	133	
14761	16960120	133	
14762	42055234	133	
14763	88453933	133	
14764	15848542	133	
14765	41232647	133	
14766	78231355	133	
14767	14625090	133	
14768	40110009	133	
14769	77515704	133	
14770	13903402	134	
14771	40998517	134	
14772	76382116	134	
14773	2881864	134	
14774	49275969	134	
14775	75660578	134	
14776	2665273	134	
14777	38053381	134	
14778	75448086	134	
14779	1942635	134	
14780	37931734	134	
14781	64325438	134	
14782	720147	134	
14783	37119142		
14784	63503850		
14785	9608555	119	
14786	36092504		
14787	62481203	fb	
14788	99885917	12b	
14789	35870016	89,fc	
14790	61269611	11a	
14791	98753320	103	
14792	24158464	10b	
14793	27204312		
14794	38053382	134	
14795	23935886	12c	
14798	23213239	11e	
14799	59208943	126	
14800	85692042	132	
14801	22091647		
14802	54485355		
14803	81570454	149,507a	
14804	27979109		
14805	53363708		
14806	80758812		
14807	16146511		
14808	53241226		
14809	10000		
14810	16020923	135	
14811	42429678	135	
14812	88413677	135	
14813	15808381	135	
14814	41306080	135	
14815	78751195	135	
14816	14146794	135	
14817	40140448	137	
14818	77539547	137	
14819	13923256	137	
14820	40428851	137	
14821	76416959	137	
14822	2801664	137	
14823	49296203	11	
14824	75690317	11	
14825	2089016	70	
14826	38173725		
14827	74578720	126	
14828	1966438	1130	
14829	37351133	1115	
14830	64756282	128	
14831	744887	134	
14832	36239585	8d	
14833	63633694		
14834	9028399		
14835	36016907		
14836	62411042		
14837	98806751		
14838	35394356		
14839	1799464		
14840	38783169		
14841	64178868		
14842	1566817		
14843	37061511	135	
14844	63056220	138	
14845	90444325	138	
14846	36849933	138	
14847	63233638	138	
14848	99628747	138	
14849	25726386	138	
14850	62111090	135	
14851	98506199	135	
14852	25904894	11	
14853	61399402	135	
14854	97383507	135	
14855	24882256	135	
14856	50277355		
14857	97661969	bf,10c0	
14858	23656668		
14859	59054773	136	
14860	86449372	136	
14861	22933016	136	
14862	59332125	46,136	
14863	85327820	136	
14864	11711438	137	
14865	58116537	137	
14866	84504242	138	
14867	11699941	11	
14868	57093995	83	
14869	84482694	92	
14870	10877309	126	
14871	46271408	115	
14872	83266006	121	
14873	15754711	133	
14874	42149850		
14875	78543464		
14876	14532163		
14877	41927278		
14878	77421977	136	
14879	4810585	137	
14880	40204620	138	
14881	76209339	138	
14882	3693034	11	
14883	49082032	73	
14884	76587747	126	
14885	2971446		
14886	38960450		
14887	75364199		
14888	1759808		
14889	38143903		
14890	1799465		
14891	637216		
14892	37021315		
14893	63410069		
14894	90814668		
14895	36809777		
14896	62393472	131	
14897	99792080	131	
14898	35187185	131	
14899	62171834	131	
14900	98570539	131	
14901	25964547	131	
14902	61459246	131	
14903	97854941	122	
14904	24842059		
14905	50237654	10a2	
14906	97631303		
14907	23020408		
14908	59514116		
14909	86509711		
14910	22908820	3008	
14911	59392529	3008	
14912	85787173		
14913	11881272	195	
14914	58270977		
14915	84664085	2066	
14916	11069680	43	
14917	57458399	1017	
14918	23442438	17	
14919	50947142		
14920	86331741	54	
14921	23720856	54,8f	
14922	59724555	59,82	
14923	85119159	139	
14924	12508268		
14925	58092907	98,9f	
14926	85497611	99	
14927	11481610	9f	
14928	47870325	125	
14929	84274024	f2	
14930	10669138		
14931	47158777	d6	
14932	83152482		
14933	10547580	7	
14934	46935289		
14935	72330894	12d	
14936	19324993	8	
14937	45819647		
14938	72218246	1123	
14939	8602351	3c	
14940	44097050	101b	
14941	71095768	88	
14942	7480763	97	
14943	34974462	9b	
14944	70369116	10f3	
14945	2368215	10ec	
14946	39752820		
14947	75147529	1115	
14948	2645637	121	
14949	38030232	12c	
14950	64025981		
14951	38030233	12c	
14952	37818794	3b,6e	
14953	64202399	dd	
14954	90307498	9,3008	
14955	36795102	1034	
14956	63180841	27	
14957	99585850		
14958	26973555	48,207f	
14959	62968263	107b	
14960	98452268	99,f8,13b	
14961	25857977	10af	
14962	61245672	101	
14963	98630720	10f	
14964	24635329	9d	
14965	51023024	9d	
14966	97518132	9d	
14967	23912837	9d	
14968	50907446	9d	
14969	86395581	bf	
14970	23790299	103	
14971	59185998	103	
14972	85673903	103	
14973	12678601	10b	
14974	58062306	123	
14975	85457355		
14976	11845050	1ae	
14977	47840168	1ae	
14978	84335863	123	
14979	10723472		
14980	47128571		
14981	83512285	7b	
14982	19501924	f2	
14983	46005939	73,f2	
14984	72490637	46	
14985	19885332		
14986	45283341		
14987	71278040		
14988	8662794	13c	
14989	44161893	16,119	
14990	71555408	fc	
14991	7540107	fc	
14992	33945211	12b	
14993	70333910		
14994	6728559	13d	
14995	33212663	13d	
14996	19211362	13d	
14997	46606977	13d	
14998	72090076	13d	
14999	8495780		
15000	45483489		
15001	71978434		
15002	8372133		
15003	34761841	57	
15004	70156946	1ae	
15005	7150545	1ae	
15006	33545259	137	
15007	60033398	137	
15008	6438003	137	
15009	32422602	137	
15010	69811710	10c,11b	
15011	5206415	11c	
15012	32600024	133	
15013	68199168	134	
15014	94183877	134	
15015	31588572	130	
15016	63972571	13e	
15017	90361289		
15018	26866984		
15019	62850093		
15020	99249638		
15021	25643346	176	
15022	52038441		
15023	98022050		
15024	24521754		
15025	51916853		
15026	97300502	f4	
15027	24799107	133	
15028	50793215		
15029	87188910		
15030	23672629	1ae	
15031	59071624	8a	
15032	86066372	101	
15033	12450071		
15034	59859086		
15035	85243784		
15036	11738489	93,135	
15037	48736598	13c	
15038	84121193	13c	
15039	11516241	fc	
15040	47910940	12b	
15041	73309655	bf,10c0	
15042	10493654	136	
15043	46898368	119	
15044	73287067		
15045	19671102		
15046	45666710	13d	
15047	72060415		
15048	8559524	57	
15049	45943123		
15050	71348837	71	
15051	7337976	c5	
15052	34721681		
15053	70226289	128	
15054	7610394	129	
15055	33609093	137	
15056	69003792	138	
15057	6498706	46	
15058	32887445		
15059	69381150	136	
15060	5376159		
15061	32764863	73	
15062	68159562	71	
15063	94553671	128	
15064	31548215	89	
15065	67037924		
15066	94431029		
15067	11738490	135	
15068	7610395	129	
15070	29603180	45	
15071	56198785		
15072	92597893		
15073	28981598		
15074	55976207		
15075	31374201	13f	
15076	68769900	13f	
15077	94253655	13f	
15078	20248754	13f	
15079	67647362	13f	
15080	93031067	13f	
15081	20426176	13f	
15082	56824871	507a	
15083	92919429		
15084	29303524		
15085	55702233		
15086	82197831	d	
15087	24181936		
15088	51686645		
15089	87074380	36	
15090	23469398	36	
15091	50863093	36	
15092	86852702	36	
15093	13247801	36	
15094	59741415	36	
15095	85136114	36	
15096	12524259		
15097	48519867	140	
15098	85914562	140	
15099	11302671	140	
15100	47897376	140	
15101	74891384	140	
15102	10286023	140	
15103	47674738	140	
15104	73079836	140	
15105	9464441	140	
15106	46552140	140	
15107	72957245	140	
15108	9341993	140	
15109	45730592	140	
15110	71734607	141	
15111	8129306	141	
15112	34614910	141	
15113	71002019	141	
15114	7407724	141	
15115	33491462	141	
15116	60880471	141	
15117	6284176	141	
15118	33779875	141	
15119	69164989	141	
15120	96162588	141	
15121	32557233	141	
15122	68941332	141	
15123	95440946	142	
15124	31434645		
15125	68829754	143	
15126	94224458	143	
15127	20612097	143	
15128	67007102	52,144	
15129	93191801	144	
15130	20590515	144	
15131	56984514	144	
15132	92379223		
15133	29374928		
15134	55762976	135	
15135	82257671	135	
15136	28651380	145	
15137	54040484	cf	
15138	81034083		
15139	27439792		
15140	54828837		
15141	80312545		
15142	16317140		
15143	53701259	1145	
15144	89190953	46	
15147	88078306	8a	
15148	15462014		
15149	41867019	121	
15179	69550259	2016	
15180	96945958	2016	
15181	32349062	af	
15182	69838761	36	
15183	69550260	2016	
15232	35252119	150	
15233	61641818	150	
15234	8736823	150	
15235	34130561	bd	
15236	61525276		
15237	7913375		
15238	33318980	bd	
15239	60303688	146,1cf	
15240	96891787	146	
15241	33296432	146	
15242	69680031	146	
15243	95679145	146	
15244	22073844	146	
15245	68468459		
15246	95953557	507a	
15247	21351206	507a	
15248	58346901	507a	
15249	94730900	507a	
15250	20129614	147	
15251	57523313	147	
15252	93018428	147	
15253	20003027	147	
15254	56401775	147	
15255	82896870	a9	
15256	29280589	c3	
15257	55289183	ef	
15258	82773292	ef	
15259	18168997	ef	
15260	54563536	36	
15261	81951640		
15262	17946349	132	
15263	44440058	13d	
15264	80839052	1d	
15265	16223761		
15266	43218406		
15267	89617515		
15268	16001119	148	
15269	42596828		
15270	78990927	138	
15271	15989522		
15272	41373230		
15273	78778375	ad	
15274	4167084	ef	
15275	40251688	149,507a	
15276	77656797	507a	
15277	3040496	cf	
15278	30439101	147	
15279	76833149	147	
15280	3828844	141	
15281	39317553		
15282	65711558	137	
15283	2106266		
15284	38590361	46	
15285	65589010	146	
15286	1984618		
15287	37478723	607a	
15288	64867422	607a	
15289	90861137	607a	
15290	37256135	147	
15291	63644830	147	
15292	99049589	ad	
15294	62528292	137	
15295	99927991	140	
15296	25311006		
15297	51706604		
15298	98804359	179	
15299	24299458	11d	
15300	51684157		
15301	93078761		
15302	29477860		
15303	56461575		
15304	82956214	146	
15305	29354228	146,200	
15306	55749927		
15307	82134632	147	
15308	18138630	ad	
15309	54527349	ef	
15310	21011044	9d	
15311	57416183	133	
15312	84404797		
15313	20899496		
15314	56294501	43	
15315	83682209		
15316	29177818	123	
15317	56161953		
15318	82566662		
15319	18954366		
15320	55349375	13f	
15321	81344070	13f	
15322	18832779	13f	
15323	44227727	13f	
15324	80621422	13f	
15325	17016131	13f	
15326	43004235	13f	
15330	79387392	63	
15331	15771991	52	
15332	42166000		
15333	78665705		
15334	4059313	b9	
15335	41044418	1a6	
15336	77432167	1e6	
15337	4837861	9013	
15338	30221870	17,3013	
15339	77710579	13	
15340	3715284	6013	
15341	39109382	13	
15342	66594927	13	
15343	2992036	9013	
15344	39987731	bc	
15345	65471349		
15346	91870448	93	
15347	38265153	93	
15348	64659851		
15349	91654806		
15350	37042505		
15363	50354944	bd	
15364	87742943		
15365	23147658		
15366	59531356	14c	
15367	86520461	14c	
15368	12015000	14c	
15369	59419719	46,14c	
15370	85808813		
15371	12292422		
15372	44297127		
15373	80681226		
15374	17170970		
15375	43575579		
15376	70569684		
15377	16958382	23	
15378	42352091	14b	
15379	79747096	cf,14b,1048	
15380	15232745	48,114b	
15381	42230449	48,114b	
15382	78625448	48,114b	
15383	4019153	48,114b	
15384	41418852	14b	
15385	77402960	14b	
15386	4997565	48	
15387	30382214	e6	
15388	16780318		
15389	43175027		
15390	79169622	5a	
15391	6568731		
15392	42052439		
15393	78447174	14a	
15394	5846183	14a	
15395	41830887	14a	
15396	78225596	14a	
15397	4729591	14a	
15398	30118200	14a	
15399	77102944	14a	
15400	3507053	14a	
15401	30996652	14a	
15402	66380357	14a	
15403	3875465	14a	
15405	65268179	45,c0	
15406	92652813	c0	
15407	38057522	14d	
15408	65046521	c0	
15409	91530236	14d	
15461	90788081		
15462	26273196	6e	
15463	63261835	64	
15464	99666430	bc	
15465	26050548		
15466	52445243		
15467	39943352		
15468	65938950		
15469	91323605		
15470	28711704	62,10cf	
15471	64116319	62,64	
15472	91500017	62	
15473	27699122	62	
15474	53094821	62	
15475	90488465	cf	
15476	26873574	cf,1da	
15477	53871273	cf	
15478	99266988	cf	
15479	25750986	cf	
15480	52159691	ba,10db	
15481	88544390	10db	
15482	25538345	10db	
15483	51933043	ba	
15484	87321742	ba	
15485	14816857	14f	
15486	50810455	14f	
15487	87209160	14f	
15488	13694209	146	
15489	49088914	150	
15490	86483512	150	
15491	12571621	150	
15492	49966326	150	
15493	85360035	14e	
15494	11759079	14e	
15495	48144778	b	
15496	74148483	b	
15497	11637481	b2	
15498	47021196	b2	
15499	74426895	c0	
15500	410904	c0	
15501	46809548		
15502	73304257		
15503	9798352		
15504	36187051		
15505	72171665		
15506	8576764		
15507	35960413		
15508	71459017		
15509	8454126	11f	
15510	34848821		
15511	60237530	14e	
15512	7631534	14e	
15513	33026283	14e	
15514	60110982	145	
15515	92519087	150	
15516	38904695	b,45	
15517	65398390	507a	
15518	91397409	5a	
15519	28781003	ba,10db	
15520	64276752	13b,2073	
15521	90664857	150	
15522	27069566	150	
15523	53054164	147	
15524	90448279		
15525	26847978	14f	
15526	52331012	14f	
15527	99726621	14f	
15528	25725326	120	
15529	52119435		
15530	88504133	95,db	
15531	25908748	14f	
15532	51097887	14f	
15533	87481592	146	
15534	14886190	150	
15535	50275295	1150	
15536	87669904	14e	
15537	13764602		
15538	49158617	14e	
15539	86547356	b	
15540	12931061	b2,107	
15541	49936169	b2,107	
15542	85325774	6	
15543	11819473		
15544	48214588	114	
15545	14602126	73	
15546	51697825		
15547	87091930	ba,10db	
15548	13486638	ba,db	
15549	40975243	14f	
15550	86379342	14f	
15551	13364097	1150	
15552	49752795	14e	
15553	75157704	14e	
15554	12541409	b	
15555	48636108	b2,107	
15556	75025112		
15557	11429811		
15558	48814566		
15559	74202664		
15560	87669905	14e	
15563	545781		
15564	36539330		
15565	72924435		
15566	9322133		
15567	35817848	17	
15568	62201847	159	
15569	8200556	159	
15570	34695290	159	
15571	61089209	159	
15572	7574904	159	
15573	34572613	159	
15574	60967717	159	
15575	96352326	98	
15576	33750025		
15577	69145169		
15578	96239878		
15579	22634473		
15580	34479659		
15584	94395649		
15585	20799347	150	
15586	53184342	29	
15587	89172051	29	
15588	26577155	29	
15589	52962804	29	
15590	89450409	29	
15591	25845518	29	
15592	51849216	29	
15593	88234821	29	
15612	9505425	152	
15613	36099130	152	
15614	72498838	152	
15615	9482987	12a,152	
15616	35877582	152	
15617	61272280	152	
15618	8660395	152	
15619	34755994	152	
15620	61159609	152	
15621	7548747	152	
15622	34933456	152	
15623	327051	152	
15624	36326160	153,156	
15625	73810864	154,156	
15626	9205573	153,155	
15627	36609518	154,155	
15628	62098216	153,154,155	
15629	8083925	156	
15630	35487920	156	
15631	61976639		
15632	98360333	155	
15633	34365442	155	
15634	60759087	155	
15635	97148796	151	
15636	33543890	151	
15637	60037599	151	
15638	96026108	151	
15639	22420202	151	
15640	69815951	151	
15641	95209656	151	
15642	22398665	151	
15643	58793369	151	
15644	94187078	151	
15645	21576077	151	
15646	57970721	151	
15647	84965420	151	
15689	69975751	29	
15692	58153103	41,111	
15693	94141712	41,111	
15694	21546416	41,111	
15695	57030525	41,111	
15696	84425220	41,111	
15697	20424878	158	
15698	56818977	158	
15699	83203672	158	
15700	29601381	158	
15701	56196385	14f	
15702	22180094	15a	
15703	58589739	15a	
15704	95974848	15a	
15705	21368442	15a	
15706	58363151	15a	
15707	84851250	f0	
15708	20246864	f0	
15709	57630503	35	
15710	83039608	35	
15711	10024317	e1	
15712	56518311	e1	
15713	82913020	53	
15714	19301729		
15715	45796834		
15716	82791472	137	
15717	18189187	131	
15718	45674286	36	
15719	81078880	154,156	
15720	17063599		
15721	44451698		
15722	70856343		
15723	17241941		
15724	43739056		
15725	79724755		
15726	6128460		
15727	42517468	f	
15728	75901113		
15729	1906812		
15730	37491810	e1	
15731	74889525	142	
15732	284224	14e	
15733	37678339	131	
15734	73667937	f0	
15735	9061682	35	
15736	36556781	29	
15737	62941499	158	
15738	9349094		
15739	35334193	15a	
15740	61728808	e1	
15741	98127546		
15742	34611551	111	
15743	61606250	111	
15744	97091969	111	
15745	23499963	158	
15746	60884672		
15747	96378317	14f	
15748	23377425	15a	
15749	69761020	15a	
15750	96156729	f0	
15751	22555834	35	
15752	58549532	46,e1	
15753	95034141	144	
15754	21438286	45	
15755	58827995		
15756	84211599		
15757	20216608		
15758	57605303	111	
15759	83199011	158	
15760	10584050	158	
15761	56588755	146	
15762	82977464	15a	
15763	19362568		
15764	55766177	35	
15765	82255872	137	
15766	18249921	1150	
15767	44644529	14e	
15768	81038234	131	
15769	17427333		
15770	44822037		
15771	70916046		
15772	82255873	137	
15773	43709490	159	
15774	79194594	159	
15775	6182103	159	
15776	42577802	46,159	
15777	79072916	159	
15778	5466615	159	
15779	31855260	159	
15780	18859369	cf	
15827	45420955		
15828	81825063	2f	
15829	18319762	2f	
15830	44308317	2f	
15831	70703416	2f	
15832	17197110	2f	
15833	43582229	2f	
15834	70980824	2f	
15835	6075533		
15836	42469671		
15837	79868386		
15838	5253985		
15839	32247099		
15840	78642798		
15841	5130393	1a6	
15842	31525442		
15843	44308318	2f	
15844	4918855	8e	
15845	30303854	39	
15846	67797569	39	
15847	3292267	69	
15848	39680372	69	
15849	66675911	9d	
15850	92079625	9d	
15851	39468724	b4	
15852	65953423	1d2	
15853	91957038		
15854	28346136	e5,107b	
15855	64730881	126	
15856	91135480	126	
15857	27520594	4157	
15858	53618293	2157	
15859	30013902	4157	
15860	66407907	4157	
15861	93896655	1157	
15862	39880350	1157	
15863	65285459	1157	
15864	92770064	1157	
15865	28168762	2157	
15866	65563871	2157	
15867	91557476	2157	
15868	27946124	2157	
15869	54340229	1157	
15870	90835938		
15871	23220533	15b	
15872	59228631	15b	
15873	86613346	15b	
15874	22007085	15b	
15875	58406094	15b	
15876	85590798	15b	
15877	21985407	15b	
15878	58374502	15b	
15879	84778110		
15880	10163855		
15881	57157964	14c	
15882	83656563	14c	
15883	10040267	14c	
15884	46435376	b	
15885	82434071	b	
15886	19828680	c5	
15887	45313724	c5	
15888	72717433	15c	
15889	18106132	15c	
15890	44190146		
15891	71595845		
15892	7984540	1157	
15893	44478599	1157	
15894	70473293	2157	
15895	19280590		
15896	43256007	2f	
15945	83286340	161	
15946	19771459	161	
15947	46169154	161	
15948	72554862	161	
15949	18558867	161	
15950	45943516	161	
15951	71331215	161	
15952	8836329		
15953	44221928		
15954	70219023		
15955	7614732	46	
15956	33008376	162	
15957	70597485	162	
15958	6992184	f2	
15959	32986898		
15960	79371897		
15961	5779502		
15962	32164201	d,107e	
15963	68258355	207e	
15964	4647954	207e	
15965	31042659		
15966	67436768	158	
15967	94821366	15e	
15968	30829071	15e	
15969	67314110	15e	
15970	93708824	1123	
15971	29107423	123	
15972	66192538	135	
15973	92586237	88	
15974	29981935	88	
15975	65479980	15a	
15976	91864689	15a	
15977	28868394	8a	
15978	54257392	153,156	
15979	91642007	13f	
15980	27036706	15b	
15981	53535814	2f	
15982	80529459	24	
15983	26914168		
15984	53318263		
15985	89707961	52,5c	
15986	15792576		
15987	52296675		
15988	88685329		
15989	15079028		
15990	51474037		
15991	87468732		
15992	14957440		
15993	40352445	146	
15994	87746184	160	
15995	13735899		
15996	40139997	1123	
15997	76524506	123	
15998	12018201	39	
15999	49407319		
16001	2896663	107e	
16002	48285768	158	
16003	74689476	152	
16004	1174075	151	
16005	47163170	14f	
16006	74567889	135	
16007	952523	8a	
16008	36346532	d4	
16009	73345237		
16010	9839945	bf,10c0	
16011	36224040	7e,95	
16012	62623659	7e	
16013	4017398	7e	
16014	31002402	146	
16015	7496001	158	
16016	34995106	160	
16017	70389815		
16018	6374519	15e	
16019	33773528	15e	
16020	69167267	123	
16021	6552971	136	
16022	32056070	136	
16023	68045685	88	
16024	5439384		
16025	31834488		
16026	68223137		
16027	94317736		
16028	31712840	7e	
16029	67100549	160	
16030	93595154	160	
16031	20989253	15e	
16032	66984907	15f	
16033	93473606	15f	
16034	29867611	15f	
16035	55262310	15f	
16036	92650018	15f	
16037	28645123	136	
16038	55049722	15a	
16039	91534476		
16040	27923575		
16041	54927180		
16042	14957441		
16046	16684346		
16047	52083044	126	
16048	89477759	cf,16b,1048	
16049	15862758	48,cf,16b	
16050	41850466	cf,14b	
16071	36010310	163	
16072	62405028	163	
16073	9400127	163	
16074	35998832	163	
16075	62383431	163	
16076	98787535	163	
16077	34172284	163	
16078	61160289	163	
16079	97565997	75,163	
16080	24050692	163	
16081	60448701	163	
16082	96433300	163	
16083	23837054	163	
16084	55226153	164	
16085	92610868	164	
16086	28115467	164	
16087	54100561	164	
16088	91598270	164	
16089	27993919	164	
16090	54387923	164	
16091	80776622	164	
16092	27870337	164	
16093	53265336	164	
16094	29650040	164	
16095	56058749	164	
16096	92043888	164	
16097	29537493	165	
16098	55936191	165	
16099	81321206	165	
16100	28715905	165	
16101	54700519	165	
16102	81108658	165	
16103	27693363	165	
16104	53087962	165	
16105	80086070	165	
16106	16471775	165	
16107	53865474	165	
16108	89264428	165	
16109	15758127	165	
16110	23837055	163	
16122	49964567		
16184	2139640		
16188	38412161		
16189	64806765		
16190	291414		
16191	37799519	a3,1017	
16192	63184227	a3	
16193	90179822	166	
16194	36577931	166	
16195	62962630	166	
16196	99456344	166	
16197	25451383		
16198	62849088	16d	
16199	98234196	49,167	
16200	24639891	168	
16201	61027400	168	
16202	97112505	70	
16203	24506253	70	
16204	50901852		
16205	96399967		
16206	23384666		
16207	59789370		
16208	86277379	10	
16209	22662014	15e	
16210	58066722	c	
16211	85055821	1169	
16212	11449436		
16213	58844135		
16214	84339249		
16215	11327848		
16216	57722593		
16217	83116692		
16218	10505300		
16219	46999905		
16220	83094004		
16221	19489718	167	
16222	45877457	167	
16223	72272462	166	
16224	18666161	166	
16225	45655875	167	
16226	71159974	167	
16227	3544583		
16228	40939228	3f	
16229	76937326	10	
16230	3322931		
16231	49816630		
16232	75215744	168	
16233	2609443	70	
16234	38694052		
16235	75083197		
16236	1487805		
16237	37972500	1164	
16238	64966519		
16239	365213		
16240	37750912	a3	
16241	63144961	3f	
16242	99543666	160,166	
16243	36637374	160	
16244	62022479	160	
16245	99426088	167	
16246	35815783	167	
16247	62200831	168	
16248	98204536	70	
16249	24793135		
16250	1187243	10	
16251	37582948	156	
16252	64576557	e2	
16253	90965652		
16254	36350300		
16255	63854005	46	
16256	99243014	17	
16257	26237713	f2	
16258	62632427		
16259	98020526	3f	
16260	25415161	158	
16261	51510279	167	
16262	98904974	167	
16263	24393683	168	
16264	50797682	70	
16265	97182396	15f	
16266	23270035		
16267	50675040		
16268	86060749		
16269	22454453		
16270	63184228	a3	
16271	85847157		
16272	12332865		
16273	58720904		
16274	84125619		
16275	11110218		
16276	47504322	161	
16277	84903021	161	
16278	10497636	161	
16279	47882774	161	
16280	83880473	161	
16281	19275188	161	
16282	46660187	161	
16283	72064891		
16284	19153590	111	
16295	79875526	93	
16296	5370235	4093	
16297	32768230	93	
16298	64753988	4093	
16299	1157683	4093	
16300	37542782	4093	
16301	63031396	94,4093	
16306	25607552		
16376	50482813	2016	
16377	86976918	2016	
16378	23361526	2016	
16379	59765225	ff,2017	
16380	86154370	ff,2016	
16381	12148078	2016	
16382	58543073	2016	
16383	85032782		
16384	11426487		
16385	48421595	1017	
16386	84815190		
16387	10204849		
16388	47699948	17	
16389	73193552		
16390	10182251	f7	
16391	46576366	f7	
16392	72971064	f7	
16393	19369609	f7	
16394	45354718	f7	
16395	72859417	f7	
16396	8243121	f7	
16397	44632120	a4	
16398	71036835	a4	
16399	7021574	a4	
16400	34419588	a4	
16401	70914287		
16402	6309986		
16403	33393090		
16404	69792699	5a	
16405	6186304		
16406	32671443		
16407	9069157	16	
16408	45064756		
16409	71459861		
16410	8843569		
16411	34242278	107a	
16412	71736213		
16413	7721912	107a	
16414	33129626		
16415	60514625		
16416	6909330		
16417	33907039		
16418	69492187		
16419	95886782	107e	
16420	32281491	207e	
16422	95664204	7e	
16423	31059809		
16424	67557908	48,16a	
16425	94942656	16a	
16426	20936251	14b	
16427	67331360		
16428	93729065		
16429	29114773	2016	
16430	56619778	f7	
16431	92607427	ad,1a0	
16432	29092121	e5	
16433	55496220	e5	
16434	81881839		
16435	28270534	136	
16436	54374642	136	
16437	81769387	14a	
16438	27157996	14a	
16464	60514626		
16466	33467872		
16467	69852487	7f	
16468	95856586	7e	
16469	32245230		
16470	68630939	16c	
16471	95134948	107f,8048	
16472	31123642	7f,207e	
16473	67517351	95	
16477	93880808		
16478	29284413		
16479	56673112		
16480	92067220		
16481	29062925	46	
16482	55557574		
16483	81945678		
16484	28340377		
16485	54734082	1066	
16486	21723081		
16487	67127799	102	
16488	93612434		
16489	20001443	16d	
16490	56495147	16d	
16491	93490856	16d	
16492	29884951	16d	
16493	55273560	1cf	
16494	82777208	16e	
16495	28762303	16e	
16496	55151012	16e	
16497	81555617	166	
16498	18940725	16f	
16499	54334420	16f	
16500	80433039	16f	
16501	17827173	16f	
16502	53212882	16f	
16503	80611581	16f	
16504	16605586	c008	
16505	42090294	3c	
16506	89594399	3c	
16507	15983048	167	
16508	42377643	168	
16509	78362751	168	
16510	14761450	5a	
16511	41255165	2b,5a	
16512	73640163	5a	
16513	44818	15b	
16514	46033517	36	
16515	72427512		
16516	9822220		
16517	35311929		
16518	72305034		
16519	8700633		
16520	34198387		
16521	71583486		
16522	7987191	10f	
16523	34072799		
16524	60461804	c008	
16525	6855503		
16526	33250142	151,165	
16527	69248256	16d	
16528	96633955	16d	
16529	32138660	3c	
16530	69522668	167	
16531	95911373	152	
16532	21915012		
16533	68300121	167	
16534	94798725	168	
16535	21293424	168	
16536	67288539	10f	
16537	93672138	155	
16538	20071842		
16539	56465981	16d	
16540	93850690	16d	
16541	29948294	160	
16542	55343303	16e	
16543	82738008	160	
16544	28126717	16f	
16545	55521751	16f	
16546	81615450	3c	
16547	17000165	3c	
16548	54408264	167	
16549	80893872	5a	
16550	17888577		
16551	53286626	2157	
16552	89771220	151,165	
16553	16165939		
16554	42560034		
16555	89558743		
16556	15943341		
16557	41348446		
16558	78836195	16d	
16559	14821890	16d	
16560	41215808	16f	
16561	77610503	16f	
16562	4008212		
16563	40493210	167	
16564	16598965		
16565	43986064		
16566	79371769		
16567	20001444	16d	
16619	15613529		
16620	41002238		
16621	77406972	6e	
16622	4991081	64	
16623	40380686		
16624	77384395		
16625	3779493		
16626	30163008		
16627	76552147		
16628	2656842	172	
16629	39041550	172	
16630	65430555	172	
16631	2834264	172	
16632	38229962	172	
16633	64213017	172	
16634	1712616	172	
16636	64591429	a4	
16645	91434602	171	
16646	38529357	44	
16647	64927055		
16648	90312154		
16649	37706769	44	
16650	63101468	171	
16651	90290572	44	
16652	26684111		
16653	62089826		
16654	95477924		
16655	21862633		
16656	64213018	172	
16723	87263576		
16724	13258285	173	
16725	50642380	173	
16726	82041999	173	
16727	19535693	173	
16728	55920742	173	
16729	81914447	173	
16730	18313046	173	
16731	44708154	173	
16732	81192859	173	
16733	17691568	173	
16734	43685562	173	
16735	70070211	173	
16736	16474916	174	
16737	43863925	174	
16738	79858629	174	
16739	5352328	174	
16740	42741437	174	
16741	78135071	174	
16742	5530780	174	
16743	41524885	174	
16744	77913594	174	
16745	4408198	174	
16746	30802207	174	
16747	77891946	174	
16748	3285551		
16749	30680659		
16750	66078354		
16751	2563463		
16752	39568067		
16753	65952776	207a	
16754	92341815		
16755	38745520		
16756	64230128		
16757	91228233		
16758	27623932		
16759	64018647		
16760	3285552		
16801	79928401		
16802	5916510		
16806	31699677	a4	
16807	77683371		
16808	3078380		
16809	30576089	dd	
16810	66961194		
16811	3355732	16e	
16812	39354437	16e	
16813	66749546	16e	
16814	92133240	175	
16815	38628859	175	
16816	65626958	6042	
16817	91011603	42	
16818	28406301	af	
16819	64804316	8d	
16820	90299015	8e	
16821	27383719	15a	
16822	53782828	15a	
16823	90176467	131	
16824	26561172	159	
16825	52566270	3066	
16826	99054885	44	
16827	25449584		
16828	52843699	12d	
16829	88232397		
16830	24226942	cf,11f	
16831	51611041		
16832	87116749		
16833	14504454	176	
16834	50599453		
16835	86993168		
16836	13382806		
16837	49776811		
16838	86271510		
16839	12266229	cf	
16840	48654323	146	
16841	85059922	6e,cf	
16842	11443677	dd	
16843	48832775	175	
16844	74936480	175	
16845	11321089	52	
16846	47710198	16d	
16847	73104892		
16848	109401		
16849	46593546	10af	
16850	73082255	8e	
16851	9486959		
16852	35871958	8d	
16853	72860663	8e	
16854	8264361	bf,10c0	
16855	35659410		
16856	71143015	46	
16857	7142724	16e	
16858	34536828	160	
16859	60921537	146	
16860	7320132	5042	
16861	33814281	ae	
16862	69809989	8d	
16863	96203584	163	
16864	32692693	165	
16865	69087397	16f	
16866	95471006		
16867	21570001		
16868	64964750		
16869	90359458		
16870	27753563		
16871	53742162	16e	
16872	99137266	16d	
16873	26631975	175	
16874	52020510	175	
16875	99414629	175	
16876	25419323	175	
16877	52807032	175	
16878	28292031	175	
16879	64797746	5042	
16880	91781484	10af	
16881	27170599	8d	
16882	54564198		
16883	90969892		
16884	26357901		
16885	53442500		
16936	20295753		
16937	56790702		
16938	82184400		
16939	25573115		
16940	51578214	172	
16941	88962829	172	
16942	14357527	172	
16943	50855622	172	
16944	87240371	172	
16945	13234975	172	
16946	40633084	172	
16947	86028783		
16948	51611042		
16949	25419324	175	
16952	48784854		
17031	60948488		
17032	97946536	56	
17033	33331231	115	
17034	9726840	115	
17035	36114945	121	
17036	62219643	d9,121	
17037	9603252	128	
17038	35098357	46,128	
17039	61496006	75,1ae	
17040	98881700	1ae	
17041	34876719		
17042	61374414	cf,1073	
17043	97769122	cf,1178	
17044	23153227	177	
17045	60158866	177	
17046	96546575		
17047	23931679	179	
17048	69436288		
17049	95824983		
17050	22819092		
17051	58203736	17a	
17052	95602345	179	
17053	21057444	12b	
17054	57541158	12b	
17055	84546257	12b	
17056	20934852	12b	
17057	57329501	12b	
17058	83723605	12b	
17059	19712214	12b	
17062	19096726	14f	
17063	45484331	158	
17064	82489470	16d	
17065	18973184	160	
17066	44362883	46,160	
17067	81767888	160	
17068	17751597	160	
17069	44146295		
17070	70534340		
17071	81767889		
17103	57511992		
17104	84900597		
17105	20994205	16c	
17106	57499304	177	
17107	83888009	177	
17108	19272658	73	
17109	56677752	99,9f	
17110	82661461	99,9f	
17111	19050066	9f,a4	
17112	55554175	9f,a4	
17113	21949879	9f	
17114	58938528	9f	
17115	84332527	17b	
17116	21727231	17b	
17117	57111330	17b	
17118	83610035	17b	
17119	10604644	17b	
17120	56099748	199	
17121	83488497	17c	
17122	19882096	17c	
17123	46877100	17c	
17124	82361809	17c	
17125	18760514		
17126	45154513		
17127	71549257	106f	
17128	18548966	106f	
17129	44932065	10f3	
17130	70427670	10f3	
17131	17825378	10f3	
17132	43210483	6066	
17133	70204022	6066	
17134	6609736	173	
17135	42198835		
17136	79582540	137	
17137	5577149	2178	
17138	32975247		
17139	78360952		
17140	4754691		
17141	31259606		
17142	67248304		
17143	4632019		
17144	30037118		
17145	66425726	99,20f2	
17146	3410461		
17147	39915560	1046,1050,10f3	
17148	66309175	10f3	
17149	92798873	175	
17150	38192988	3b	
17151	65187687		
17152	91575236		
17153	24070330	6066	
17154	60465049		
17155	97453744	206f	
17156	23848752	206f	
17157	59242457	174	
17158	96637156		
17159	22125101	f2	
17160	59120809	17c,207	
17161	95515518	109	
17162	21903613	90	
17163	58308221	f2	
17164	84792926	17b	
17165	21887075		
17166	57285770	17b	
17167	83670388	16e	
17168	10065487	160	
17169	56063182		
17170	83558891	17c	
17171	19942835		
17172	45337544	6f	
17173	82735249		
17174	18720257	109	
17175	45115956	137	
17176	81613061	161	
17177	17008760	162	
17178	44092304		
17179	70491413		
17180	17885118	f2	
17181	43270827	17b	
17182	79775821	17b	
17183	6763530	160	
17184	42158279	146	
17185	79552283	17c	
17186	5941982	17c	
17187	32335697		
17188	78420796	175	
17189	4825390		
17190	31213049		
17191	7608148		
17192	44092305		
17193	32335698		
17227	84462118		
17228	10851853		
17229	57946551		
17230	83340560		
17231	19739265		
17232	46123974	17d	
17233	82128978	17d	
17234	19516687	17d	
17235	45001322	17d	
17236	71406430	17d	
17237	18890039	17d	
17238	44889144	17d	
17242	70551291	10cf	
17243	6556909	3b	
17244	43940008		
17245	79339613		
17246	5833312		
17247	32828466	3008	
17248	78217065		
17249	5611760	188	
17250	31006879		
17251	68490573		
17252	4599182	b	
17253	30983281	17,a3	
17254	67378935		
17255	93777634	48,107f	
17256	30761649	1178	
17257	66156348		
17258	92644052	9f	
17259	39049051		
17260	65433790		
17261	92428405	f8	
17262	28827503		
17263	64211118	190	
17264	91706817	1a9	
17265	27104921		
17267	90583279		
17268	26988374	167	
17344	49858495		
17345	76352503		
17347	49131917	17e	
17348	15130912	17e	
17349	41525660	2b,17e	
17350	88919365	17e	
17351	14418464	17e	
17352	41802073	17e	
17353	87897777	17e	
17354	13291886	17e	
17355	40680521	17e	
17356	76075139	17e	
17357	13179234	17e	
17358	49568943	17e	
17359	75952542	17e	
17360	2347656	17f	
17361	48745395	45,17f	
17362	75730490	17f	
17363	1225009	17f	
17364	37629703	17f	
17365	74018812	17f	
17366	2511	17f	
17367	33407125	17f	
17368	69895264	17f	
17369	5380979	117f	
17370	32785578	117f	
17371	68779682	17f	
17372	5168381	45	
17373	31562086	180	
17374	68957034	180	
17375	94445733	180	
17376	30430448	180	
17377	67835547	180	
17378	93229151	180	
17379	20618850	180	
17380	66712905	180	
17381	92107604	180	
17382	29595202	180	
17383	55990317	180	
17384	92385016	180	
17385	28373620	180	
17386	54878729		
17387	91262474	a3	
17388	27657173	3b	
17389	54656181		
17390	80040886		
17391	26435595	206	
17392	53923690		
17393	89328238		
17394	16312943	17d	
17395	52707042	17d	
17396	88106656	17d	
17397	15590355	17d	
17398	41085464	17d	
17399	88083109	17d	
17400	14478717	17d	
17401	15590356		
17403	13256226	9,3008	
17404	40740224		
17405	76145933	181	
17406	13533678	181	
17407	49928686	181	
17408	75922381	181	
17409	2311090	181	
17410	48806195	17b	
17411	75290703	17b	
17412	1295442	16e	
17413	37683547		
17414	74078255	182	
17415	572850	182	
17416	37961969	182	
17417	73956664	182	
17418	9350312	183	
17419	36745317	183	
17420	62133026	183	
17421	9238125	183	
17422	35622739	1047	
17423	61011438	123,1047	
17424	98416533	147	
17425	34800281	147	
17426	1855886	106	
17427	37343995	174	
17428	63748694	168	
17429	132308	141	
17430	36521307	132	
17431	63526052	104	
17432	99910751	184	
17433	35405755		
17434	62803464	bf	
17435	98898163		
17436	35283277		
17437	61681816		
17438	94076521		
17439	20560620		
17440	66569334		
17441	93953933		
17442	29348048	106	
17443	56733747	9,185,3008	
17444	92731385	182	
17445	28226490	182,207	
17446	55610199	123,1047	
17447	81019803	147	
17448	28403802	173	
17449	54498517	181	
17450	80993256		
17451	27381364	181	
17452	53776969	17c	
17453	80170678	9	
17454	16169772		
17455	52553471	46	
17456	89058026		
17457	15443125	181	
17458	42431833	181	
17459	88836438	181	
17460	14220547	146,160	
17461	41619242	17c	
17462	77103950		
17463	14108995	183	
17464	40597694	46	
17465	76981308	147	
17466	13386407	106	
17467	49370016	173	
17468	76869711	141	
17469	2263869		
17470	49658464		
17471	75047173	195	
17472	1041278	160	
17473	38436986	182	
17474	74920585	182	
17475	1329620	182	
17476	37313338	183	
17477	63708033	183	
17478	197042	174	
17479	36591747	15f	
17480	63086455		
17481	9070454		
17482	35479109		
17552	50699850	176	
17553	96084564	115	
17596	38082437	26	
17597	64487132	51	
17598	1876841	26	
17599	37260946	26	
17600	63265554	c2	
17601	90659259	26	
17602	36148308		
17603	63542003		
17604	99937011		
17605	25926710		
17606	62320425		
17607	98715423	2e	
17608	25209168		
17609	51208877		
17610	97692972	4	
17611	24087580	4	
17612	50486289	4	
17613	97870394	4	
17614	23965033	4	
17615	59353647	4	
17616	86758746	4	
17620	11020863		
17621	58415502		
17622	84813516		
17623	11808215		
17624	47292920		
17625	84797028		
17626	10186633		
17627	46570372		
17628	83575471	5034	
17629	19963185	5034	
17630	46358784	5034	
17631	72843899	5034	
17632	18847598	5034	
17633	45236142	5034	
17634	71620241	5034	
17635	8025950	26,51	
17636	44413654	26	
17637	70508653		
17638	7903368		
17639	33391067		
17640	70786111		
17641	6180710	1ae	
17642	32175429	6f	
17643	79663524		
17644	5068132		
17645	32453837	2b,48	
17646	68441986	61	
17647	4836680	99,9f	
17648	31230289	1186	
17649	67725394	1186	
17650	94113093	2186	
17651	30118701		
17652	62503746		
17653	99991455		
17654	25396150	4	
17655	62480168	4	
17656	98875863	187	
17657	25273572	187	
17658	61668670	187	
17659	97053215	187	
17660	24151924	187	
17661	50546029	187	
17662	37930737	187	
17663	8025951	51	
17664	98875864	187	
17725	86605515		
17726	23099524		
17727	59494222	2e	
17728	85888377	1c2	
17729	12877076	34	
17730	58371671	34	
17731	85766789	34	
17732	11155484	34	
17733	47149093	34	
17734	84544192	2034	
17735	10938846	188	
17738	58371672	1034	
17741	59094601		
17742	85182315		
17743	11587414	1e6	
17745	84366728		
17746	11765832		
17747	47759571		
17748	73244186		
17749	10632284		
17750	46037983	18b	
17751	73421698	18b	
17752	9416697	18b	
17753	46815301	18b	
17754	72309040	18b	
17755	8794055		
17756	45792753	18b	
17757	71187462	33	
17758	8571567	33	
17759	34976176	33	
17760	70465810	33	
17761	7459919	33	
17762	33854624	189	
17763	60242223	189	
17764	6637331	189	
17765	32731036	189	
17766	69120785	189	
17767	95515789		
17768	32909498	18a	
17769	68304193	18a	
17770	94392192	18a	
17771	31887806	2b	
17772	67282505	2b	
17773	94670654	2b	
17774	20065259	2b	
17775	66069967	cc	
17776	93454062	2a	
17777	29942771	2a	
17778	56347375	c7,c8	
17779	92332424	c7,d0	
17780	28720123	c7,d8	
17781	55125728	183	
17782	81519836	183	
17783	28004531	114	
17784	54092240		
17785	81497285	17f	
17786	27882993		
17787	53270092		
17788	80275707		
17789	16769305		
17790	53154400		
17791	89552119		
17792	15947754		
17793	42932862	cc	
17794	84330567	182	
17795	11825276	2b	
17796	47219274	180	
17797	73218989		
17798	10602628	33	
17799	46057733		
17800	73542331	18a	
17801	9940036		
17802	45935145		
17803	72329844	181	
17804	8728498	114	
17805	45112597		
17806	71607202		
17807	7602800		
17808	34090915	160	
17809	70485614		
17810	7889323	14f	
17811	33878367	182	
17812	60362066	182	
17813	6767771	182	
17814	32152870	17c	
17815	69540484	18a	
17816	95545183	61	
17817	32939238	61	
17818	8428836		
17819	34813545	2a	
17820	71817640	f2	
17821	7206349	183	
17822	34690953		
17823	60095092	17e	
17824	6589707		
17825	33578406	60	
17826	69973414	33	
17827	96367119		
17828	32756828	160	
17829	68250822	181	
17830	95245571	17c	
17831	21639276	18a	
17832	68038375	61	
17833	94423983	45	
17834	20417688		
17835	67906797		
17836	70465811		
17837	27882994		
17915	15464375		
17916	64583601		
17982	41406613	6	
17983	77895328	6	
17984	3289027	6	
17985	30284022	6	
17986	76672730	6	
17987	3167439	6	
17988	39552584	6	
17989	65956182	6	
17991	38339996	18c	
17992	65734501	18c	
17993	91222209	18c	
17994	37617348	18c	
17995	64612053	18c	
17996	90000652	18c	
17997	37495766	18c	
17998	63899465	18c	
17999	99984170	18c	
18000	26372118	18c	
18001	62777823	18c	
18002	99162522	18c	
18003	25550531	18d	
18004	52645235	18d	
18005	98049934	18d	
18006	24434049	18d	
18007	51822687	18d	
18008	83827392	18d	
18009	20212491	18d	
18010	56700100	18d	
18011	82105704	18d	
18012	29599813	18d	
18013	55584558	18d	
18014	82983267	18d	
18015	18377261	18e	
18016	54862960	18e	
18017	81260679	18e	
18018	17255673	18e	
18019	44649322	18e	
18020	80044027	18e	
18021	16433136	18e	
18022	43527730	18e	
18023	79912449	18e	
18024	16310544	18e	
18025	42705243	18e	
18026	78199891	18e	
18027	15198996	2b	
18029	78077209		
18030	4472318		
18031	40460013		
18032	77855162		
18033	3259760		
18034	30748475		
18035	76133574	18b	
18036	3137279	18b	
18037	39522887	18b	
18038	65910922	18b	
18039	2405631	18b	
18040	38409239	18b	
18041	65898344	18b	
18145	47484352		
18146	73478096	55	
18147	863795	7b	
18148	46261704	7b,a4	
18149	72656408	189	
18150	5141117	16d	
18151	31149212	18a	
18152	78534861	17c,18a	
18153	4928565	182,18a	
18154	30327674	cf	
18155	77312273	cf	
18156	3806388	cf	
18157	30291086		
18158	66699781	cf	
18159	3084730		
18160	39078434		
18161	65477143	10ec	
18162	92962242	2b	
18163	38356857	3a	
18164	65351555	129	
18165	91749600	134	
18166	27134209		def=2900
18167	64538914		
18168	90027012		
18169	27012717		
18170	53416326		
18171	99801464		
18172	26259179		
18173	52254878		
18174	99748883	16	
18175	25137581		
18176	51522296	146	
18177	88926295	3a	
18178	24915933		
18179	51409648		
18180	87804747		
18181	13298352	2b	
18182	50687050	17e	
18183	86682165	16e	
18184	13076804	45,cf	
18185	49565413	cf	
18186	85969517	13f	
18187	12954226		
18188	48348921	55,cf,1048,107b	
18189	85747929	55,7b	
18190	11132674		
18191	48626373	18a,207	
18192	74615388	134	
18193	10019086	14f	
18194	47404795	10ec	
18195	73898890		
18196	897409	7b	
18197	46382143	14b,107b	
18198	72776252	16e	
18199	9175957	158	
18200	35569555	146	
18201	72554664	160	
18202	8953369	18a	
18203	34447918	18a	
18204	71832012		
18205	7236721	17c	
18206	34225426	182	
18207	60619435		
18208	6004133	10ec	
18209	33503878	20ec	
18210	9597987	61	
18211	36982581	3a	
18212	72386290	18f	
18213	8775395	129	
18214	35269904		
18215	61264008		
18216	8653757	55	
18217	34047456		
18218	60442460	160	
18219	7436169		
18220	33925864	18a	
18221	60329973	cf	
18222	92714517	117f	
18223	39103226		
18224	65107325		
18225	91592030		
18227	64475743	1169	
18228	91479482	507a	
18229	30327675		
18230	30327676		
18231	85969518	13f	
18308	49027020	8a	
18309	75416738	8a	
18310	12801833		
18311	48805472		
18312	75294187	4c	
18313	1688285	8a	
18314	48183890	8a	
18315	74577599	89,8a	
18317	47961342		
18318	73355951		
18319	844056	123	
18320	36848764		
18321	72233469	154	
18322	9627468		
18323	35026117		
18324	62411811		
18325	8505920	1052	
18326	34904525	1052	
18327	61398234	1052	
18328	97783338	1052	
18329	34771947	194	
18330	60176682		
18331	96661780	52	
18332	33055499		
18425	5829717	6e,10a2	
18426	31817415	9	
18427	77202120	1017	
18428	4606229	7f,16c,107b	
18429	30095833	99,f8,13b,2073	
18430	77189532	102	
18431	3574681	34	
18432	39973386		
18433	66367984		
18434	2752099	123	
18435	35756798		
18436	61245403		
18437	97639441	55	
18438	34034150		
18439	60023855		
18440	97417863	10af	
18441	23812568		
18442	60306277	17	
18443	96795312	115	
18444	22790910	115	
18445	31600514		
18447	62967433		
18448	98462037	1115	
18449	34456146	115	
18450	61845881		
18451	97240499		
18452	24634594		
18453	60623203	73	
18454	96127902		
18455	23512906	193	
18456	59900655	193	
18457	96305350	193	
18458	22390469	193	
18459	58884063	193	
18460	95283172	193	
18461	21677871	193	
18462	59900656		
18464	20455229	190	
18465	57940938	db,190	
18466	83334932	9a	
18467	10333641	9a	
18468	56727340	109a	
18469	82112494	9a	
18470	19510093	9a	
18471	45005708	189	
18472	82090807		
18473	18494511	16e	
18474	45883110	146,166	
18475	71277255	191	
18476	17272964	191	
18477	44760562	191	
18478	70155677	192	
18479	17550376	192	
18480	43944080	192	
18481	79933029	18d	
18482	6327734	18e	
18483	42822433	53,9c	
18484	79210531	53,9c	
18485	5205146	127	
18486	31600845	15e	
18487	78098950		
18488	4483598		
18489	31987203		
18490	67972302		
18491	3361010		
18492	30765615		
18493	66150724	f2	
18494	3248469		
18495	39643167		
18496	65037172	93	
18497	92422871	93	
18498	38811586		
18499	65815684		
18500	91300233	172	
18501	28798938	14e	
18502	64193046	9a	
18503	90587641	9a	
18504	27572350	189	
18505	53971455	166	
18506	90465153	191,207	
18507	22850702	cf	
18508	58858807	53,9c	
18509	95243515	150	
18510	21637210	190	
18511	58036229	101	
18512	84521924	1164	
18513	20515672	15a	
18514	57900671	118	
18515	83308376	16d	
18516	10793085	14f	
18517	56787189		
18518	82286798	18a	
18519	19671433	191	
18520	45065541	191	
18521	82460246		
18522	18458255	192	
18523	44843954	192	
18524	21347668	18d	
18525	57736667	18e	
18526	84121302	17d	
18527	10125011	53,9c	
18528	56510115	164	
18529	83008724	168	
18530	19403423	1b3	
18531	46497537		
18532	82886276	118	
18533	19271881	160	
18534	45675980	160	
18535	71164684	191	
18536	18158393	191	
18537	44553392		
18538	71948047	18c	
18539	7336745	175	
18540	43331750	46	
18541	70825459		
18542	6214163		
18543	43618262		
18544	18494512	16e	
18545	30765616		
18648	1259814		
18657	5182107	9a	
18661	31464658		
18662	67853262		
18663	93347961	185,3008	
18664	30342076		
18665	66736715		
18666	93125329		
18667	29510428		
18668	65914127	f2	
18669	92003832	193	
18670	28497830	193	
18671	65892585	193	
18672	91286284	193	
18673	27275398	193	
18674	54670997	193	
18675	90164606	193	
18720	5852388		
18721	31241087		
18722	67745632		
18723	94130731		
18724	30128445		
18725	67523044		
18726	93918159		
18727	29302858	196	
18728	66401502	196	
18729	92895501	196	
18730	29280200	196	
18731	55688914	196	
18732	91073013	196	
18733	28168628		
18734	54562327		
18735	91951471	196	
18736	27345070	196	
18737	53330789	196	
18738	80738884	196	
18739	26223582	197	
18740	53618197	197	
18741	89016236	197	
18742	15001940	197	
18743	52495649	197	
18744	88890658	197	
18745	15388353	197	
18746	41773061		
18747	87778106	198	
18748	14166715	198	
18749	40551410	198	
18750	87955518	198	
18751	40551411	197	
18753	76823930		
18788	60283232	1017	
18789	97682931	1017	
18790	23076639		
18791	55461744		
18792	92565383		
18793	28954097		
18794	55349196		
18795	81743801		
18796	27132400	103	
18797	54126514	103	
18798	80621253	191	
18799	27015862	202	
18800	53404966	507a	
18801	89809665	507a	
18802	16893370	192	
18803	52382379	192	
18804	89776023	304e	
18805	15171722	604e	
18806	41165831	1130	
18807	88554436	1130	
18808	14959144	151,165	
18809	41443249	18c	
18810	77832858	be	
18811	13836592		
18812	40221691		
18813	76615300	bf	
18814	13014905		
18815	49109013		
18816	76593718		
18817	2992467		
18818	48386462		
18819	75771170	18e	
18820	1769875	1b	
18821	38264974		
18822	74659582	180	
18823	43227		
18824	37442336		
18825	63436931		
18826	821049	199	
18827	36320744	207a	
18828	62714453	165	
18829	9709452		
18830	35103106	504e	
18831	62592805	18d	
18832	98986900		
18833	34481518		
18834	61470213	103	
18835	97864322		
18836	24269961	1130	
18837	653675	17	
18838	36742774	17	
18839	63136489	46	
18840	99531088		
18841	36920182		
18842	62314831		
18843	98319530	607a	
18844	25807544	207a	
18845	61292243	18c	
18846	98696958		
18847	24081957	204,205	
18848	61070601	46	
18849	97474300		
18850	23969415	10e	
18851	50357013		
18852	96352712		
18853	23746827		
18854	59131526		
18855	85520170		
18856	22024279	103	
18857	58019984		
18858	85407683		
18859	11802691		
18860	57296396	192	
18861	84281045	17e	
18862	10780049	18d	
18863	53174748	18e	
18864	89569453	4c	
18865	15967552		
18866	42952160		
18867	88346805		
18868	15845914		
18869	74659583	180	
18898	97534104		
18908	11962031	119	
18909	57357130	119	
18910	84755744	119	
18911	10140443	119	
18912	57134592	119	
18913	83533296	119	
18914	19027895	119	
18915	46412900	32	
18916	22411609	32	
18917	59805313	32	
18918	85250352	32,b9	
18919	11654067		
18920	58143766	32	
18921	84138874	32	
18922	11522479	84	
18923	47921178	84	
18924	83315222	84	
18925	10300821	84,cf,1048	
18926	46804536	84	
18927	83293635	177	
18928	19688343	200,201	
18929	22411610		
19010	36629635		
19011	63013339	1115	
19013	36629636		
19014	62991792	57	
19015	98396890	57	
19016	25784595	45	
19017	51779204		
19018	98173209		
19019	24662957		
19020	50056656		
19021	87451661	1045	
19022	23446369		
19023	50834074		
19024	86239173		
19025	22723778	6	
19026	59712426	5	
19027	85106525		
19028	12501230		
19029	58996839		
19030	84384943		
19031	11489642		
19032	47873397		
19033	84262395	21	
19034	10666000	48	
19035	47051709	55	
19036	73046708	4073	
19037	19544412	201	
19038	46939151	21	
19039	72323266	21	
19040	19322865	21	
19041	45716579	21	
19042	71101678	21	
19043	8690387	21	
19044	44094981	21	
19045	71089030	21	
19046	7473735	17,46	
19047	33872334		
19048	70366448		
19049	6351147		
19050	33750856		
19076	25577965		
19077	60800381	43,2066	
19079	24454387		
19080	51849482		
19081	87837090		
19082	24232799		
19083	50727844	17	
19084	86111442	208	
19085	13510157	208	
19086	59504256	208	
19087	86999951	208	
19088	12397569	208	
19089	58882608	208	
19090	85277313	208	
19092	5405694	10cf	type=129
19140	15635751	107a,207a	
19141	42620460	126	
19142	88124568	ee	
19143	14513273	98,10f8	
19144	41908872	20f8	
19145	77392987	27	
19146	14391625	199	
19147	40785230	202	
19148	72270339	1203	
19149	9674034	205	
19150	45663742	205	
19151	12058741	205	
19152	48452496	205	
19153	84941194	3	
19154	11335209	3	
19155	47330808	3	
19156	74725513	3	
19157	10113611	e	
19158	46518210	75,163	
19159	73602965	17f	
19160	9091064	196	
19161	46485778	197	
19162	72880377	89	
19163	9275482		
19164	35263180		
19165	71768839	c	
19166	8152834		
19167	34541543		
19168	71545247		
19169	7930346		
19170	33325951		
19171	60823690		
19173	33202303	21	
19174	69601012	1b	
19175	95095116		
19176	32480825	27	
19177	68989420	27	
19178	95973569	27	
19179	21368273	191	
19180	67752972	e	
19181	94151981	73	
19182	20145685	73	
19183	67630394		
19184	93039339		
19185	29423048		
19186	56818742		
19187	92812851	f2	
19188	29301450		
19189	55795155	f2	
19190	82190203		
19191	28189908	27	
19192	54573517	27	
19193	81978611	73	
19194	17462320		
19195	54851325		
19196	80845034	204	
19197	16240772	204	
19198	53639887	205	
19199	89023486	204,205	
19200	16528181		
19201	42516299		
19202	88901994	17	
19203	15306543		
19204	41790641	e	
19205	78789356	163	
19206	14283055		
19207	40678060		
19208	77066768		
19209	3461403		
19210	40456412	f8	
19211	76840111	f8	
19212	2339825	27	
19213	39733924	4073	
19214	75728539		
19215	2116237		
19216	38511382	204	
19217	74906081	205	
19218	1490690		
19219	33499794	192	
19220	60883493	196	
19221	6278008		
19222	33676146		
19233	33099732	46	
19234	35263181		
19235	33676147		
19272	3121655	43	
19273	39520293	43	
19277	65892310		
19360	23288411	19a	
19361	55272555	19a	
19362	81677154	19a	
19363	18165869	19a	
19364	54550967	19a	
19365	81945676	19a	
19366	17943271	ac,19a	
19367	43338320	19a	
19368	80722024	19a	
19369	16227633	19a	
19370	43215738	19a	
19371	79600447	19a	
19372	15005145	19b	
19373	42493140	19b	
19374	78888899	19b	
19375	15982593	19b	
19376	41371602	19b	
19377	77765207	1ad	
19378	4160316	19b	
19379	40155014	19b	
19380	77543769	19b	
19381	3048768	19c	
19382	30432463	19c	
19383	76821171	19c	
19384	2815176	19c	
19385	39210885	19c	
19386	5605529	19c	
19387	42193638	19c	
19388	78598237	19c	
19389	4582942	19c	
19390	31971040	19c	
19397	66431519	81	
19398	2526224	81	
19399	38910263	1081	
19400	65305978	81	
19401	91703676	81	
19402	38798785	81	
19403	64182380	81	
19404	90681088	81	
19410	99742859		
19411	25131968		
19412	52126602		
19413	98520301		
19414	25919316		
19415	51303014	e	
19416	87498729	208	
19417	24892828	208	
19418	50281477	208	
19419	87676171	208	
19420	13070280	208	
19421	59069885	208	
19422	86553594	208	
19456	90829280	19d	
19457	26913989		
19458	62318994		
19459	99707692	ba	
19460	25191307	ba	
19461	52596406		
19462	98684051		
19463	24079759	10ac	
19464	51473858	10ac	
19465	27868563	10ac	
19466	64257161	10ac	
19467	90241276	205	
19468	26746975	1052	
19469	53134520	145	
19470	99529628	18b	
19471	26523337	18b	
19472	52918032	19a	
19473	99307040	3	
19474	25801745	19e	
19475	51296484	19e	
19476	88284599	19e	
19477	24689197	c9	
19478	51073802	d0	
19479	87462901		
19480	13567610		
19481	50951254		
19482	86346363		
19483	13744068	45	
19484	49139666		
19485	85123771	ac	
19486	12612470		
19487	48017189		
19488	85401123		
19489	11496832		
19490	47894537		
19491	74289646		
19492	10774240	19e,2052	
19493	47172959	19d	
19494	73167098	c9	
19495	9551692		
19496	46956301	119f	
19497	72444406		
19498	9839115		
19499	35834119		
19500	71222868	ba,13b	
19501	8617563	ba	
19502	34001672	10ac	
19503	71100270	ac	
19504	3594985	d0	
19505	30989084	c9,123	
19506	66384688	d0	
19507	2772337		
19508	39767432	6e	
19509	65261141		
19510	92650749		
19511	38044854	95,ba	
19512	64049553	ba	
19513	91434208		
19514	27822206		
19515	64327901	10ac	
19516	90711610	10ac	
19517	26700718	205	
19518	53194323		
19519	99599062	21,46	
19520	26984177		
19521	52472775	19e	
19522	98477480	19e	
19523	25861589	c9	
19524	51250293	d0	
19525	88654892		
19526	24649931		
19527	50134646		
19528	87532344	195	
19529	13927359	ba	
19530	50311058	10ac	
19531	86310763	19e	
19532	12804701	c9	
19533	49299410	1a0	
19534	85698115		
19535	12682213		
19536	35834120		
19542	47132793		
19619	96402918		
19620	32991027	2f	
19621	9396662	2f	
19622	35380371	2f	
19623	61775475	2	
19624	8173184	2	
19625	34568783	1002	
19626	61052897	1002	
19627	97051536	bb	
19628	34446231	bb	
19629	60830240	c5	
19630	96235944	c5	
19631	23623653	30b5	
19632	69718652	40b5	
19633	96113307	40b5	
19634	22501005	b5	
19716	43502497	f2	
19718	12381100		
19719	48486809	41,195,10a4,3008	
19720	75874514		
19721	1269512	7f	
19722	48654267	17,f8	
19723	74652966		
19724	1047075		
19725	37531679	1a4	
19726	73936388		
19727	324483		
19728	36319131		
19729	73714736		
19730	9102835	46,1a4	
19731	35697544		
19732	62091148	1a4	
19733	8080257		
19736	84206435	2f	
19740	23530726	1115	
19741	69925461	1a0	
19742	96029570		
19743	22414174	17	
19744	69802283		
19745	95207988	21	
19746	21291696		
19747	58680635		
19748	94185340	110	
19749	21579049		
19750	57964143		
19751	83962752	17	
19752	20357457	115	
19753	56741506	1115	
19754	42427231		
19825	44455560	81	
19826	70843274		
19827	16238373		
19828	43633088		
19829	79627627		
19830	6116731		
19831	42510430		
19832	78905039		
19833	5993144	123	
19834	31398842	73	
19835	78783557		
19836	4271596	1a5	
19837	30676200	1a5	
19838	67660909	1a5	
19839	3055018	1a5	
19840	30453613		
19841	66848311	1a5	
19842	2333466	f5	
19843	39321065	e7	
19844	65726770	e8	
19845	92110878	51	
19846	38505587		
19847	64603182	7	
19848	91098230	7	
19849	27483935	7	
19850	64881644	9b	
19851	90276649	9b	
19852	27260347	205,1203	
19853	53765052	203	
19854	99153051	1a3	
19855	26548709	1a3	
19856	52543404	1a3	
19857	39931513	1a1	
19858	65326118	1a1	
19859	91810826	1a1	
19860	24215921		
19861	60203670	193	
19862	97698279	19b	
19863	23093373	19c	
19864	59481082	38	
19865	96576187	38,45	
19866	22970795		
19867	59369430	6d	
19868	85753549		
19870	58143852		
19871	84631951		
19872	21036656		
19873	57420265	96	
19874	83819309		
19875	10804018	19e	
19876	56208713	109b	
19877	83793721	9b	
19878	19181420	19a	
19879	46186135		
19880	82570174	1a2	
19881	18969888	1a2	
19882	45464587	193	
19883	71858682	19b	
19884	18843291	38	
19885	44241999	10ac	
19886	70636044		
19887	7020743		
19888	43129357	1a3	
19889	70514456	1a3	
19890	6908161	1a3	
19891	42307760	1a3	
19892	79791878		
19893	5786513		
19894	32270212		
19895	78679226		
19896	4064925	7	
19897	31458630	9b	
19898	67457739	204	
19899	4841383	1a3	
19900	30336082	1a2	
19901	66730191	1a2	
19902	93729896		
19903	39114494	19e	
19904	66518509	46,19a	
19905	92907248	19b	
19906	38491852	19c	
19907	65496951	19c	
19908	91880660		
19909	28279365		
19910	64664373		
19911	91668078		
19912	27157727	89	
19913	53541822	7	
19914	90946420	10ac	
19915	26334139	204	
19916	53329234	204	
19917	89824842	1a3	
19918	25218587	38	
19919	52607696		
19920	88001391	21	
19921	25096909		
19922	60203671	193	
19923	92907249	19b	
19932	71818935		
19933	17217034	1115	
19934	44201739		
19935	10796448		
19936	47195442		
19937	83589191		
19938	19974890		
19943	96363153		
19945	23171610		
20029	28958464		
20036	53008933	45	
20037	80453041	db,19d	
20038	26857786	81	
20039	53246495	b	
20040	32807846		
20041	15735108		
20057	48228390		
20058	74213995	2178	
20059	1607603		
20060	37006702		
20061	73490417		
20062	885016		
20063	36974120		
20064	63378869		
20065	9763474		
20066	35151572	1a5	
20067	62156277	1a5	
20068	8540986		
20069	35035985	1a5	
20070	61434639	1a5	
20071	98828338	1a5	
20072	34813443	1a5	
20073	48228391		
20178	75892194	7	
20180	38775407	1a6	
20181	74169516	1a6	
20182	1164211	1a6	
20183	37552929	1a6	
20184	63947968	1a6	
20185	342673	10a2	
20186	36436372	1083	
20187	63825486	1083	
20188	99229085	1083	
20189	35614780		
20190	62002838		
20191	98007437	111	
20192	25592142	1aa	
20193	61980241	1aa	
20194	98385955	1aa	
20195	24779554	1aa	
20196	60764609	1a8	
20197	97262307	1a3	
20198	23657016	1a1	
20199	50042011	19a	
20200	96030710	19b	
20201	22435424	151	
20202	59829423		
20203	85314178		
20204	22712877		
20205	58707981		
20206	84192580	1ac	
20207	11590299		
20208	57985393		
20209	84079032		
20210	10474647		
20211	56863746	151	
20212	83257450	de	
20213	19652159		
20214	46640168	1a8	
20215	82135803	1a8	
20216	14529511	19a	
20217	41924516	1aa	
20218	77313225	1aa	
20219	14307929	1aa,203	
20220	40702028		
20221	76290637	1083	
20222	3685372	cf,1073,1083	
20223	49689480	71	
20224	76078185		
20225	2463794	1a8	
20226	49867899	1a8	
20227	75352507	1a3	
20228	1340142	19c	
20229	38745241	71	
20230	74139959		
20231	1528054		
20232	37613663	1a6	
20233	63017368	1af	
20234	402416	1a7	
20235	36890111		
20236	63295720		
20237	99289828	1aa	
20238	35778533	1aa	
20239	62173132	204	
20240	98567237	1a8	
20241	35552985	1a8	
20242	61950680	1ad	
20243	97345699		
20244	24839398		
20245	60238002		
20246	97223101		
20247	23617756	1a7	
20248	59016454		
20249	36400569	83	
20250	62995268	1aa	
20251	99989863	1a8	
20252	25388971	1a2	
20253	61773610	52,19e	
20254	98167225	19c	
20255	24166324	151	
20256	51650038	71	
20257	97045737	11bf	
20258	24440742		
20259	50838440		
20260	96823189		
20261	22712878		
20262	35552986	1a8	
20274	46533533		
20276	19316241	7b	
20277	45710945	1ab,107b	
20278	72705654	1ab	
20279	18294799		
20280	44698398		
20281	71083002	1ab	
20282	7477101	177,1ab	
20283	44466810	7b,1ab	
20284	70860415		
20285	6355563		
20286	33744268		
20287	75748977		
20288	2133971		
20289	38527680		
20290	75926389		
20291	1410324	fb	
20292	37405032	fb,12b	
20293	64804137	fb	
20294	298846	fb	
20295	37683441	fb	
20296	63181559	46,fb	
20297	99176254	1a9	
20383	46789706	a4	
20386	24094653	46	
20388	18046862	1af	
20389	45445571		
20390	71939275		
20391	8324284		
20392	44728989		
20393	70717628	db	
20394	7102732		
20395	33506331		
20396	70095046		
20397	6089145		
20398	32484853		
20399	69873498		
20400	5267507	1021	
20401	32762201	7	
20402	68756810	1ae	
20403	4145915	1083	
20404	31539614		
20405	7934362	c6	
20406	34323367	c6	
20407	70417076	c6	
20408	6812770	c6	
20409	33206889	c6	
20410	69655484	c6	
20411	6659193	c6	
20412	32044231	95	
20413	69533836		
20414	95937545	14	
20415	31322640		
20416	68316358		
20417	71939276		
20419	67694706		
20420	93683815		
20421	20087414		
20422	66472129		
20423	93860227		
20424	29265962		
20425	55359571		
20426	92744676		
20427	28143384		
20428	55537983	1b5	
20429	81522098	1b5	
20430	23920796	1b5	
20431	50415441	45,1b5	
20432	86809440	1b5	
20433	13204145	1b5	
20434	59293853	1b5	
20435	85687952		
20436	12172567		
20437	58570206	46	
20450	72782945		
20451	8170654		
20452	44175358		
20469	93053159	146	
20471	66532962	152	
20473	29325276	99	
20476	28103028		
20477	55697723		
20478	81096431	1ae	
20479	27480536	1ae,4073	
20480	54475145	dd,1a6	
20481	80870883	3b	
20482	27268998		
20483	53753697		
20484	29157292		
20485	56146300	12f	
20486	92530005	c6	
20487	29925614	14	
20488	55320758	10ac	
20489	81418467	1b0	
20490	28803166	1a8	
20491	54207171	19a	
20492	81696879	19b	
20493	17080584	74,75,77	
20494	53085623	74,77	
20495	80570228	3d	
20496	16968936	3d	
20497	43363035		
20498	89357740		
20499	15746348	bf	
20500	42141493	1ac	
20501	84635192		
20502	11024707		
20503	47028805		
20504	73413514		
20505	10807219		
20506	46396218	1b4	
20507	73391962	1b4	
20508	9785661	1b4	
20509	46174776	1b4	
20510	72578374		
20511	8963089		
20512	35057188	12f	
20513	71456737	12f	
20514	8841431	19b	
20515	34235530	3d	
20516	70634245	3d	
20517	7628844	cf,1048,11ae	
20518	33113958		
20519	60517697	75,77	
20520	6906306		
20521	32991300	1a8	
20522	69385019	74,75	
20523	95784714		
20524	32278723	1bb	
20525	68663427	4073	
20526	94661166		
20527	21056275		
20528	67441879	12f	
20529	94845588	1b4	
20530	20934683	1b4	
20531	66328392	204	
20532	93723936	1aa	
20533	29111045	10ac	
20534	56506740	1b0	
20535	92501449	1b0	
20536	29095457	1b0	
20537	55484152	1a2	
20538	81878201	75	
20539	28273805	1b1	
20540	54261514		
20541	81756619	1b3	
20542	17151328		
20543	53545926		
20544	80534031		
20545	16938770	73	
20546	53323475	83,1ae	
20547	89812483	1b2	
20548	15216188	1b2	
20549	42201897	1b4	
20550	88695895	204	
20551	15094540	10ac	
20552	41488249	1b0	
20553	77573354	1a3	
20554	14972952	19c	
20555	40366667	1bf	
20556	77751766	1b7	
20557	3149401		
20566	53545927		
20567	68468459		
20568	55273560	1cf	
20569	62962630	166	
20570	95515789		
20571	3859859	9f,20a2	
20572	35844557	1b6	
20573	72238166	1b6	
20574	8633261	1b6	
20575	34022970	1b6	
20576	61116514	1b6	
20577	7511613	1b6	
20578	34909328	1b6	
20579	60394026	1b6	
20580	6798031	1b6	
20581	33787730	89,1b6	
20588	68337209	1b9	
20592	93509766	1b8	
20593	20904475	1b8	
20594	56499179	1b8	
20595	92487128	1b8	
20596	29882827	1b8	
20597	55276522	1b8	
20598	82661630	1b8	
20599	28669235	1b8	
20600	55154344	1b8	
20601	81549048	1b8	
20602	17947697		
20603	54332792		
20604	80326401		
20605	17725109		
20606	43219114		
20607	89604813	dd	
20608	16699558		
20609	42097666		
20704	87640391		
20705	23738096		
20706	50123605		
20707	86527709		
20708	22916418		
20709	59901153		
20710	85395151		
20711	12890860		
20712	58288565		
20713	84673574		
20714	11677278	1b5	
20715	43066927	1b5	
20716	80551022	1b5	
20717	16955631	1b5	
20718	42940335	1b5	
20719	19338434	1b5	
20720	55733143	1b5	
20723	54611591		
20724	81005500		
20732	42544773	152	
20740	3598351	6008	
20741	30583090	6008	
20742	76978105	6008	
20743	3376703	5	
20744	39761418	5	
20745	65155517	2016	
20746	2254222	1017,2016	
20747	38648860	1aa,1b4	
20748	65033975	1b4,204	
20749	91438674	1ba	
20750	37426272	162	
20751	64911387	162	
20752	90315086	1ae	
20753	27704731		
20754	63198739	1b0	
20755	99193444	77	
20756	26582143	1019	
20757	62076252		
20758	99471856	ea	
20759	25865565	ea	
20760	52854600	12c	
20761	98248208		
20762	24643913		
20763	51132012		
20764	87126721	1ac	
20765	24521325		
20766	50915474		
20767	86304179		
20768	13708888	9,6008	
20769	59893882	6008	
20770	86282581	6008	
20771	12686296	5,cf	
20772	58071334	205	
20773	85065943	1b4	
20774	11464648	1a8	
20775	48958757	1019	
20776	84343351	ff,2017	
20777	10732060	2016	
20778	47736165	ea	
20779	73121813	12c	
20780	10515412		
20781	46014517	10ac	
20782	72409226	162	
20783	9453320	75,77	
20784	45852939		
20785	72246674	1019	
20786	4731783		
20787	41739381		
20788	77124096		
20789	3519195		
20790	30913809		
20791	76302448		
20792	3496543	1aa,204	
20793	39881252	203	
20794	65289956	203	
20795	2674965	1ba	
20796	38669664	162	
20797	5063379	1019	
20798	31552317	ea	
20799	77946022	12c	
20800	4341721		
20801	30339825		
20802	67724434		
20803	3129133		
20804	39613288		
20805	66002986	ff,2016	
20806	2006591	204	
20807	39491690	1aa,1b4	
20808	65889305	1ba	
20809	91284003	1ba	
20810	38379052	1ba	
20811	64767757	162	
20812	91152455	1b2	
20813	27556460	1b0	
20814	63941169	75	
20815	90939874	1b1	
20816	26434972	1a8	
20817	53829527	ea	
20818	99217226		
20819	3129134		
20835	48705086		
20901	47643326		
20923	68897338	35	
20924	94292987	35	
20925	21281085	35	
20926	57775790	35	
20927	93170499	22	
20928	20568404	22	
20929	52553102	22	
20930	89948817	22	
20931	25342956	1047	
20932	51831560	1047	
20933	88225269	1047	
20934	24220368	1047	
20935	51618973	b4	
20936	87003671	b4	
20937	13408726	b4	
20938	50596425	b4	
20943	12163590	133	
20944	48658295	133	
20945	75046994	173	
20946	11441009	173	
20947	48835607	11b	
20948	74820316	10c,11b	
20949	10218411	46	
21033	34149150		
21035	97522863		
21036	34926568	1c3	
21037	60411677		
21038	97800311	1c2	
21039	23804920	1c3	
21040	69299029		
21041	96687733		
21042	22082432		
21043	59576447		
21044	95561146	1c2	
21045	21960890		
21046	58354899		
21047	94749594		
21048	21147203		
21049	57232301		
21050	83626916		
21051	20011655	45	
21052	56410769		
21053	83404468		
21054	19899073	1bd	
21055	55397172	1bd	
21056	82782870	1bd	
21057	18176525	1bd	
21058	45171524	1bd	
21059	81560239	1bd	
21060	17954937	1bd	
21061	44459942		
21062	80447641	2b	
21063	17832359	107a	
21064	43236494		
21065	79625003	1ae,2048	
21066	16110708	7b,2048	
21067	42104806		
21068	79509511	7b	
21069	5997110	af	
21070	42382265	af	
21071	74387963	af	
21072	875572	152	
21073	37260677	152	
21074	73664385	128,152	
21075	59080	12a,152	
21077	88477150		
21138	3723262	135	
21139	30118811	135	
21140	66102515	135	
21141	2501624	30a2	
21142	35095329	6008	
21143	61480937		
21144	98888032		
21145	34873741		
21146	60268386	76	
21147	97662494	76	
21148	23151193	204,1203	
21149	60145298	1aa,203	
21150	96540807	1be,2066	
21151	22938501	1be	
21152	59323650	1be	
21153	95718355	45,1be	
21154	22812963	1be	
21155	58201062	1bc	
21156	94655777	1bc	
21157	21050476	1ba	
21158	57448410	162	
21159	84433129	1b6	
21161	56322832	1b8	
21162	83711531	3b	
21163	19715246	93	
21164	56100345	4093	
21165	82699999	154,156	
21166	19093698		
21167	45488703		
21168	81476402		
21169	18861006		
21170	44265115		
21171	71750854		
21172	17749468	1b4	
21173	43143567	144	
21174	70538272		
21175	16926971	d,190	
21176	43321985		
21177	79415624	205	
21178	5800323	1aa	
21179	42209438	3d	
21180	78693036		
21181	5088741		
21182	31086840	48,92	
21183	77571454	48,92	
21184	4965193	1bc	
21185	30350202	1bc	
21186	67359907	1bc	
21187	3743515	d	
21188	39138610	101,135	
21189	6636319	153,155	
21190	42021064		
21191	79015062	136	
21192	5414777		
21193	31809476	92	
21194	78293584	203	
21195	4398189	1aa	
21196	31786838	1be	
21197	67171933	1be	
21198	4575541		
21199	30964246	1ba	
21200	66059345	162	
21201	93453053	1b9	
21202	39848658		
21203	66236707		
21204	92221402		
21205	38625110		
21206	65114115		
21207	91509824	136	
21208	28903523		
21209	64998567	203	
21210	90386276	204	
21211	27781371	1be	
21212	53276089	1b6	
21213	90664684	1b8	
21214	22669793	143,144	
21215	58053438	1e2	
21216	85442146		
21217	21846145		
21218	58931850		
21219	10000110		type=16384
21220	20714553	12a,152	
21224	97268402		
21226	86066372	101	
21227	26077387	1115	
21228	8491308	1115	
21230	81497285	17f	
21231	72270339	1203	
21233	24224830		
21234	49238328		
21235	14532163		
21238	6696168		
21239	42081767		
21240	79480466		
21241	5574510		
21242	31969219		
21249	66429798		
21250	93413793		
21338	12500059		
21339	49904658		
21340	75493362		
21341	12888461		
21342	48882106		
21343	74271714		
21344	1665819		
21345	47060528		
21346	14554127		
21347	40543231	1bd	
21348	76948970	1bd	
21349	13332685	1bd	
21350	49721684	1bd	
21351	76725398	1bd	
21352	12210097	1bd	
21353	49604192	1bd	
21354	75003700	1c0	
21355	1498449	1c0	
21356	44482554	1c0	
21357	70871153	1c0	
21358	7375867	1c0	
21359	33760966	1c0	
21360	79755671	1c0	
21361	6153210	1c0	
21362	32548318	1c0	
21363	69932023	1c0	
21364	5431722	1c0	
21365	31425736	1c1	
21366	68810435	1c1	
21367	4215180	1c1	
21368	31603289	1c1	
21369	67098897	1c1	
21370	93192592	1c1	
21371	30581601	1c1	
21372	66975205	1c1	
21373	93360904	1c1	
21374	29369059	1c1	
21375	65853758	1c1	
21376	92248362	1c4	
21377	28642461	1c4	
21378	55031170	1c4	
21379	91025875	1c4	
21380	27420823	1c4	
21381	54919528	1c4	
21382	90303227	1c4	
21383	27308231	1c4	
21384	53792930	1c4	
21385	80181649	1c4	
21386	26585784	1c4	
21406	74941992		
21407	336601		
21408	37720300		
21409	73129314	bd,1a6	
21410	613013	1ae	
21412	62006866	8f	
21413	9491461	54	
21414	35886170	59,ac	
21415	62880279	82,2066	
21416	8379983	df	
21417	35763582	df	
21418	61168637	135	
21419	97556336	1df	
21420	34541940	1c7	
21421	60946049	1c7	
21422	97434754	1c7	
21423	23829452	1c6,1c7	
21424	9213491		
21425	36218106		
21426	62606805		
21427	95091919		
21428	31596518	be	
21429	67584223		
21430	94979322		
21431	30373970	208	
21432	67768675		
21433	93156774	196	
21434	29251488	197	
21435	66646087	dc	
21436	92034192	10dc	
21437	29439831	1b3	
21438	55423549		
21439	91818544		
21441	54701958	df	
21442	81196066	df	
21443	27184601	1c7,1de	
21444	53589300	1c6	
21445	80073414		
21446	26462013	1b0	
21447	53466722		
21448	89851827		
21449	16246535		
21450	52644170	45	
21451	88139289		
21452	15123983		
21453	41522092	48,7e,207f	
21454	88917691	54	
21455	14301396	206f	
21456	40706444	1ba	
21457	77894049	196	
21458	13289758		
21459	40673853	49	
21460	76072561	1115	
21461	12067160		
21462	49451215		
21463	75956913	54,7f	
21464	2344618	df	
21465	74733322	1c7	
21466	48739627	1d7	
21467	37517035	1c7	
21468	1122030	1c7	
21469	74011784	1c7	
21470	483	1c5	
21471	36494597	46,1c5	
21472	63899196	be	
21473	9283801	be	
21474	36672909	1be	
21475	62767644	1a5	
21476	99161253	46,1b0	
21477	35550352	196	
21478	61944066	197,198	
21479	98349765	10dc	
21480	34433770	115	
21481	61822419	1b3	
21482	97227123		
21483	23611122		
21484	60600821		
21485	96004535	73	
21486	23599634	1c7	
21487	59983249	be	
21488	95382988	1be	
21489	22377092		
21490	58761791		
21491	85150300		
21493	57649113		
21576	1035143	a4	
21577	38423248	f4,152	
21600	25072579	1115	
21610	59400890	98	
21611	85899505		
21612	22283204		
21613	58288218	a008	
21614	85672957	a008	
21615	11161666	18e	
21616	57566760	18e	
21617	84550369	18e	
21618	10949074		
21620	83838727		
21621	19222426	3008	
21622	46221535	111	
21624	19000848		
21625	45409943		
21626	71593652		
21627	18988396		
21628	44376395		
21629	71771004		
21630	7166709		
21631	43150717	73	
21632	70659412		
21633	6043161	1ca	
21634	33438265	1ca	
21635	79436874	1ca	
21636	6821579	1ca	
21637	32216688	1ca	
21638	78710386	1ca	
21639	5109321	1ca	
21640	71771005		
21728	59514116		
21729	47222536	6e	
21730	58481572	a008	
21731	21143940	a5	
21732	6327734	18e	
21733	81260679	18e	
21746	72162751		
21747	9567495		
21748	45951104		
21749	71440209		
21750	8445808		
21751	44839512		
21752	71228611		
21753	7622360	45	
21754	33017964	145	
21755	70105073		
21756	6500778	cf	
21757	33995387		
21758	69389481		
21760	32872239		
21767	67322708	af	
21768	93317313	af	
21769	20715411	10af	
21770	66100116		
21771	92595825	123	
21772	29099860	fc	
21773	55088578	54,59,82,139	
21774	92472273	1cb	
21775	28877382	1cb	
21776	54265980	1cb	
21777	81650695	1c6,1cb	
21778	27755794	1c9	
21779	54143349	1c9	
21780	80538047	1c9	
21781	16922142	1c9	
21782	53927851	1c9	
21783	85315450	1c9	
21784	12800564	da,f9	
21785	58205203	f9	
21786	84693918	164	
21787	11688916	164	
21788	47082621	1be	
21789	84477320	1c0	
21790	10966439	1c1	
21791	47960073	1c4	
21792	73355772	146	
21793	19743887		
21794	46148485	5c	
21795	72632190		
21796	9627299		
21797	45016904		
21798	71410542		
21799	8805651	138	
21800	44293356	138	
21801	71398055	10af	
21802	7782069	fc	
21803	33171768		
21804	70576413	10af	
21805	6560411	1123	
21806	33955120	123	
21807	69453825	fc	
21808	5848934		
21809	32232538	10af	
21810	68231287	1c6	
21811	95626382	1cb	
21812	31010081	1cb,1de	
21813	67515699	1c4	
21814	94503794		
21815	30998403	10af	
21816	7382007	fc	
21817	33781156	14f	
21818	69176851		
21819	6260560		
21820	32665564	ae,af	
21821	69053263	123	
21822	95448372	fc	
21823	32442017	1cb	
21824	68831625	1cb	
21825	94326720	1d7	
21826	21720439	1c7	
21827	67115133	1c9	
21828	94103142	1c9	
21829	20508881	1c9	
21830	66092596		
21831	93481594	164	
21832	29876299	138	
21833	56870908	1c1	
21834	92269002	14f	
21835	28653611		
21836	55158350	46	
21837	81143465		
21838	28531163		
21839	54936778	ae	
21840	80320877	1cb	
21841	17719582	1c7	
21842	53813120	1c9	
21843	80208225	1c0	
21844	16693934	146	
21845	42091632	1bf	
21846	89086647		
21901	17201951	2066	
21902	54656950		
21903	80054655		
21904	16449363	24,1017	
21905	43834302	17	
21906	89932017	17	
21907	16327715	43,2066	
21908	42711820	24,2066	
21931	95365081	1cc	
21932	32759190	1cc	
21933	68144894	1cc	
21934	95132593	1cc	
21935	21637502	1cc	
21936	67021206	1cc	
21937	94410955	1cc	
21938	20415050	1cc	
21939	57809669	1cc	
21940	93294363	1cc	
21941	29792472	1cc	
21942	56187077	1cd	
21943	92171126	1cd	
21944	29570824	1cd	
21945	55965529	1cd	
21946	82359538	1cd	
21947	28454232	1cd	
21948	54842941	1cd	
21949	81237046	1cd	
21950	17621695	1cd	
21951	54020393	1cd	
21952	80015408	1cd	
21953	16509007	1ce	
21954	43904702	1ce	
21955	89392810	1ce	
21956	16387555	1ce	
21957	42781164	1ce	
21958	88170262	1ce	
21959	15665977	1ce	
21960	41069676	1ce	
21961	78058681	17,1ce	
21962	14442329	1ce	
21963	40847034	1ce	
21965	85138716		
21966	40725446		
22063	87750925		
22064	23249029	207a	
22065	50643638		
22066	86038337		
22067	13023431		
22068	55421040		
22069	81916745		
22070	18300894		
22072	81794107	1ca	
22073	17188206	1ca	
22074	44573911	1ca	
22075	80071619	1ca	
22076	16066654	1ca	
22077	43450363	1ca	
22078	79859067	1ca	
22081	71413901	6e	
22082	5121528	15	
22083	41516133	15	
22084	78910832		
22085	4909946		
22086	30394645	146	
22088	3287359	108	
22089	30271097	146,160	
22090	76666602		
22107	25554552	102	
22108	51548207	102	
22109	98937206	102	
22110	24431911	e9,1066	
22111	51826619	b066	
22112	87814728	b066	
22113	23219323	43,104f,2066	
22114	50604072	104f	
22115	86098176		
22116	13597785	1d0	
22117	59581480	1d0	
22118	85976588	1d0	
22119	12375297	1c6,1d0	
22120	58769832	45	
22121	85154941	45	
22122	11248645	45	
22123	47647354	114	
22124	84031359	ef	
22125	10426067	ef	
22126	47425162	18c	
22128	19304410	14f,158	
22129	46708514		
22130	12197223		
22131	49181828	111	
22132	85586937		
22133	12975671	5a	
22134	48469380	45	
22135	84464389	10f	
22136	11852093	10af	
22137	47247792		
22138	74631897	1c7	
22139	10136446	ef	
22140	42125140	1c0	
22141	79519259		
22142	5914858	1c6	
22143	42302563	1d0	
22144	78397661	1cf	
22145	4891376		
22146	31286915	1c4	
22147	77675029	174	
22148	4079728	158	
22149	30064423	170	
22150	66452432	10f	
22151	3957130	10f	
22152	39341885	1c9	
22153	66736884	114	
22154	2725599	18c	
22155	38129297		
22156	65514302	100,1066	
22157	91002901		
22158	38007649	a5,1cb	
22159	64491754	1d0	
22160	90880453	1d0	
22161	27285068	1d7	
22162	63679166	45	
22163	90764871	45	
22164	26162470	114	
22165	53557529	114	
22166	99941223	ef	
22167	25940932	1c9	
22168	52335937	174	
22169	98829635	11d	
22170	25224340		
22171	51612489		
22172	87607094	10f	
22173	24092792	1d0	
22174	50590801	1d0	
22175	87985506	45	
22176	13379114	45	
22177	59374259	114	
22178	86762958	1c1	
22179	12157563		
22180	49652661		
22181	85640370		
22182	11035075		
22183	84031360	ef	
22184	84824728		
22185	11212437		
22186	60303688	146,1cf	
22187	69680031	146	
22188	6498706	46	
22189	35269904		
22191	9978697	100d	
22192	45462306	100d	
22193	72867001	100d	
22194	8252010	b0,100d	
22195	35240714	d	
22196	71645463	29	
22197	8039562	29	
22198	34528176	29	
22199	70522875	29	
22200	7917970	29	
22201	33302589	53	
22202	60700283	53,9c	
22203	6195332	53,109c	
22204	32289031	53,9c	
22205	69678646		
22206	95072744	9d	
22207	32467459	9d	
22208	8852158	9d	
22209	34950192	46,9d	
22210	61345801	c5	
22301	86289475	3066	
22302	61257789	a3,104f	
22310	73218792	43	
22311	613496		
22312	46001505		
22313	73496100	54	
22314	9591819	54	
22315	35989913	73	
22316	72374522	f3	
22317	8778267	46	
22318	35167375	46	
22319	61151074	d,115	
22320	7656689	128,12a	
22321	34041788	12a	
22322	60439482		
22323	35167376		
22327	22106558		
22328	69191257		
22329	95589901		
22330	22984000		
22331	68378605		
22332	94467314	12	
22333	21861412		
22334	57256127	45	
22335	94641726		
22336	20049870	1d4	
22337	56034579	1d4	
22338	83528184	1d4	
22339	29927283		
22340	56311997	1d4	
22341	82706696	1d4	
22342	18795635	1d4	
22344	81684048		
22345	18078153		
22346	54077752		
22347	80461466		
22348	17856505		
22349	43355214		
22350	80749819		
22351	16734927		
22352	42138622		
22353	75527221		
22354	11911336	106e	
22355	48016074	bf	
22356	74405783	16d	
22498	96228804	12a	
22499	22623509	128,12a	
22510	83445539	57	
22511	19434243		
22512	56838842		
22513	82323997	104f	
22514	18711696	66	
22515	45116390		
22516	81101309		
22517	18595008	10f3	
22518	44994712	10f3	
22519	70488851	1c6	
22520	17473466	1c6,1c7	
22521	43871165	1c6,1cb	
22522	10266279	1c6,1d0	
22523	56651978	1d0	
22524	82159583	1d3	
22525	19144622	1d2	
22526	45538320	10c0	
22527	82933935	1b5	
22528	18321034	1cc	
22529	44716748	1cd	
22530	71801447	1cd	
22531	17209452	1ce	
22532	44694191		
22533	70088809		
22534	6083904		
22535	43471513		
22536	79966218		
22537	6361316		
22538	42759961	1d3	
22539	78744660	45	
22540	5148778	f8,1050	
22541	31533473	1d3	
22542	78021082	1d2	
22543	4026187	1d2	
22544	31411835	1cc	
22545	67809530		
22547	30698243		
22548	66787942	10f3	
22549	93172951	1d3	
22550	39576656	1ce	
22551	65961304	1ce	
22552	92359409		
22553	38354018		
22554	65848113	1cb	
22555	91237821	1d3	
22556	27632520	1d2	
22557	64626565		
22558	90011273	10f	
22559	27519978	bf	
22560	53904087		
22561	99398682		
22562	26387390	43	
22563	52782439		
22564	89176044	f3	
22565	25661743	1c6	
22566	51669847	1c6	
22567	84054556	1cb	
22568	20448151	1d3	
22569	57847269	1d3	
22570	83232904	1d3	
22571	19326613	1d2	
22572	56725612	1d2	
22573	82119326	1d2	
22574	19504025	1cd	
22575	45508030	c0	
22576	82997779	45	
22577	18482473		
22578	44886582	46	
22579	71275181		
22580	17269895		
22581	44654994	1c7	
22582	70058649	1d3	
22583	6547248	1d3	
22584	43932352	1cc	
22585	79936051		
22586	6325660	1bf	
22587	42719764		
22588	78114463		
22589	5208118	f2	
22590	52782440		
22591	10000120		type=16384
22593	30875635	3008	
22617	64413994		
22687	89693655		
22693	87758525	185,195,3008	
22694	13243124	185,195,3008	
22695	40237839	41,10a4	
22715	4993187		
22721	92058902	46	
22723	65541655		
22746	65741786		
22747	29301450		
22771	87758525	185,195,3008	
22805	32828466	3008	
22811	44146295		
22812	48130397	46	
22815	87116928		
22823	40366667	1bf	
22920	19491080	1d3	
22922	82370493	10f3	
22924	41763141		
22926	14556954		
22927	40041559		
22930	49828011		
22931	76213610		
22932	2618725	1d4	
22933	39706423	1d4	
22934	75191028	1d4	
22935	1595137		
22936	38984832	1d4	
22937	74378580	1d4	
22938	1463589	1d4	
22950	98684220	cf	
22951	24088928	45	
22952	50073633		
22953	97462632		
22954	23856331	1145	
22955	50251045	1145	
22956	96345184	1145	
22957	22734799	1145	
22958	59138498	1145	
22959	85523502	1d6	
22960	22912101	1d6	
22961	58916810	1d6	
22962	84401954	1d6	
22963	11895663	1d6	
22964	57294268	1d8	
22965	84288367		
22966	10673071		
22967	46072770	10db	
22968	83566725	10db	
22969	19951423	15a	
22970	46955132	147	
22971	82344137		
22972	18738846		
22973	45223540		
22974	71222649		
22975	18616294		
22976	44001993	cf	
22977	70405001	10cf	
22978	7894706	1145	
22979	43989315	f4	
22980	70383419	f4	
22981	6772168	f4	
22982	33166263	f4	
22983	79561872	147	
22984	5559570	1d0	
22985	32044675		
22986	78449284	10db	
22987	5833929	147	
22988	31822037	1c6	
22989	67216732	15a	
22990	4611341	15a	
22991	30109445	1d3	
22992	7594154		
22993	33599853		
22994	75983808		
22995	2372506	cf	
22996	38776201	1145	
22997	65861210	1145	
22998	1259915	1145	
22999	37654623		
23000	64049762	1d6	
23001	433377	1d6	
23002	37432075		
23003	63926180		
23004	99311889	1c6	
23005	36709484	1d7	
23006	62104532	95,10db	
23007	99199231	15a	
23008	25687946	147	
23009	61082944	c0	
23010	98476659		
23011	24461358		
23012	51869363		
23013	97254001		
23014	24749710		
23015	50147815	1145	
23016	86132414	1145	
23017	23526128	1d6	
23018	59921227	1d6	
23019	86319972		
23020	22404570	1c6	
23021	58809685	1d0	
23022	85257384	10db	
23023	11642993	15a	
23024	58036097	147	
23025	84031736	1d3	
23026	10529441	4c	
23027	47914440		
23028	83319154		
23029	10307853		
23487	46986414	10a2	
23488	38033121	30a2	
23489	23995346	dd	
23490	24094653	46	
23491	83764718		
23492	1498449	1c0	
23493	30581601	1c1	
23494	91073013	196	
23495	27420823	1c4	
23496	19899073	1bd	
30019	88177324	48,1ab,307b	
30054	73355772	146	
30056	54842941	1cd	
30057	28454232	1cd	
